{
  "predictions": {
    "winner": {
      "id": 4306,
      "name": "Municipal Limeño",
      "comment": "Win or draw"
    },
    "win_or_draw": true,
    "under_over": null,
    "goals": {
      "home": "-2.5",
      "away": "-3.5"
    },
    "advice": "Double chance : draw or Municipal Limeño",
    "percent": {
      "home": "0%",
      "draw": "50%",
      "away": "50%"
    }
  },
  "league": {
    "id": 370,
    "name": "Primera Division",
    "country": "El-Salvador",
    "logo": "https://media.api-sports.io/football/leagues/370.png",
    "flag": "https://media.api-sports.io/flags/sv.svg",
    "season": 2025
  },
  "teams": {
    "home": {
      "id": 26156,
      "name": "Hércules",
      "logo": "https://media.api-sports.io/football/teams/26156.png",
      "last_5": {
        "played": 5,
        "form": "0%",
        "att": "19%",
        "def": "19%",
        "goals": {
          "for": {
            "total": 3,
            "average": "0.6"
          },
          "against": {
            "total": 13,
            "average": "2.6"
          }
        }
      },
      "league": {
        "form": "DDLLWLWLLLLLL",
        "fixtures": {
          "played": {
            "home": 5,
            "away": 8,
            "total": 13
          },
          "wins": {
            "home": 0,
            "away": 2,
            "total": 2
          },
          "draws": {
            "home": 1,
            "away": 1,
            "total": 2
          },
          "loses": {
            "home": 4,
            "away": 5,
            "total": 9
          }
        },
        "goals": {
          "for": {
            "total": {
              "home": 5,
              "away": 8,
              "total": 13
            },
            "average": {
              "home": "1.0",
              "away": "1.0",
              "total": "1.0"
            },
            "minute": {
              "0-15": {
                "total": 4,
                "percentage": "30.77%"
              },
              "16-30": {
                "total": null,
                "percentage": null
              },
              "31-45": {
                "total": 2,
                "percentage": "15.38%"
              },
              "46-60": {
                "total": 2,
                "percentage": "15.38%"
              },
              "61-75": {
                "total": 2,
                "percentage": "15.38%"
              },
              "76-90": {
                "total": 3,
                "percentage": "23.08%"
              },
              "91-105": {
                "total": null,
                "percentage": null
              },
              "106-120": {
                "total": null,
                "percentage": null
              }
            },
            "under_over": {
              "0.5": {
                "over": 9,
                "under": 4
              },
              "1.5": {
                "over": 3,
                "under": 10
              },
              "2.5": {
                "over": 1,
                "under": 12
              },
              "3.5": {
                "over": 0,
                "under": 13
              },
              "4.5": {
                "over": 0,
                "under": 13
              }
            }
          },
          "against": {
            "total": {
              "home": 17,
              "away": 15,
              "total": 32
            },
            "average": {
              "home": "3.4",
              "away": "1.9",
              "total": "2.5"
            },
            "minute": {
              "0-15": {
                "total": 3,
                "percentage": "9.38%"
              },
              "16-30": {
                "total": 4,
                "percentage": "12.50%"
              },
              "31-45": {
                "total": 6,
                "percentage": "18.75%"
              },
              "46-60": {
                "total": 4,
                "percentage": "12.50%"
              },
              "61-75": {
                "total": 9,
                "percentage": "28.13%"
              },
              "76-90": {
                "total": 6,
                "percentage": "18.75%"
              },
              "91-105": {
                "total": null,
                "percentage": null
              },
              "106-120": {
                "total": null,
                "percentage": null
              }
            },
            "under_over": {
              "0.5": {
                "over": 11,
                "under": 2
              },
              "1.5": {
                "over": 9,
                "under": 4
              },
              "2.5": {
                "over": 6,
                "under": 7
              },
              "3.5": {
                "over": 3,
                "under": 10
              },
              "4.5": {
                "over": 3,
                "under": 10
              }
            }
          }
        },
        "biggest": {
          "streak": {
            "wins": 1,
            "draws": 2,
            "loses": 2
          },
          "wins": {
            "home": null,
            "away": "1-3"
          },
          "loses": {
            "home": "0-5",
            "away": "5-2"
          },
          "goals": {
            "for": {
              "home": 2,
              "away": 3
            },
            "against": {
              "home": 5,
              "away": 5
            }
          }
        },
        "clean_sheet": {
          "home": 0,
          "away": 2,
          "total": 2
        },
        "failed_to_score": {
          "home": 1,
          "away": 3,
          "total": 4
        },
        "penalty": {
          "scored": {
            "total": 1,
            "percentage": "100.00%"
          },
          "missed": {
            "total": 0,
            "percentage": "0%"
          },
          "total": 1
        },
        "lineups": [],
        "cards": {
          "yellow": {
            "0-15": {
              "total": null,
              "percentage": null
            },
            "16-30": {
              "total": null,
              "percentage": null
            },
            "31-45": {
              "total": null,
              "percentage": null
            },
            "46-60": {
              "total": null,
              "percentage": null
            },
            "61-75": {
              "total": null,
              "percentage": null
            },
            "76-90": {
              "total": null,
              "percentage": null
            },
            "91-105": {
              "total": null,
              "percentage": null
            },
            "106-120": {
              "total": null,
              "percentage": null
            }
          },
          "red": {
            "0-15": {
              "total": null,
              "percentage": null
            },
            "16-30": {
              "total": null,
              "percentage": null
            },
            "31-45": {
              "total": null,
              "percentage": null
            },
            "46-60": {
              "total": null,
              "percentage": null
            },
            "61-75": {
              "total": 3,
              "percentage": "100.00%"
            },
            "76-90": {
              "total": null,
              "percentage": null
            },
            "91-105": {
              "total": null,
              "percentage": null
            },
            "106-120": {
              "total": null,
              "percentage": null
            }
          }
        }
      }
    },
    "away": {
      "id": 4306,
      "name": "Municipal Limeño",
      "logo": "https://media.api-sports.io/football/teams/4306.png",
      "last_5": {
        "played": 5,
        "form": "47%",
        "att": "38%",
        "def": "63%",
        "goals": {
          "for": {
            "total": 6,
            "average": "1.2"
          },
          "against": {
            "total": 6,
            "average": "1.2"
          }
        }
      },
      "league": {
        "form": "LDWLLWLWLWLDWL",
        "fixtures": {
          "played": {
            "home": 8,
            "away": 6,
            "total": 14
          },
          "wins": {
            "home": 5,
            "away": 0,
            "total": 5
          },
          "draws": {
            "home": 0,
            "away": 2,
            "total": 2
          },
          "loses": {
            "home": 3,
            "away": 4,
            "total": 7
          }
        },
        "goals": {
          "for": {
            "total": {
              "home": 13,
              "away": 7,
              "total": 20
            },
            "average": {
              "home": "1.6",
              "away": "1.2",
              "total": "1.4"
            },
            "minute": {
              "0-15": {
                "total": 2,
                "percentage": "10.00%"
              },
              "16-30": {
                "total": null,
                "percentage": null
              },
              "31-45": {
                "total": 2,
                "percentage": "10.00%"
              },
              "46-60": {
                "total": 6,
                "percentage": "30.00%"
              },
              "61-75": {
                "total": 3,
                "percentage": "15.00%"
              },
              "76-90": {
                "total": 7,
                "percentage": "35.00%"
              },
              "91-105": {
                "total": null,
                "percentage": null
              },
              "106-120": {
                "total": null,
                "percentage": null
              }
            },
            "under_over": {
              "0.5": {
                "over": 14,
                "under": 0
              },
              "1.5": {
                "over": 3,
                "under": 11
              },
              "2.5": {
                "over": 1,
                "under": 13
              },
              "3.5": {
                "over": 1,
                "under": 13
              },
              "4.5": {
                "over": 1,
                "under": 13
              }
            }
          },
          "against": {
            "total": {
              "home": 12,
              "away": 12,
              "total": 24
            },
            "average": {
              "home": "1.5",
              "away": "2.0",
              "total": "1.7"
            },
            "minute": {
              "0-15": {
                "total": 3,
                "percentage": "12.50%"
              },
              "16-30": {
                "total": 2,
                "percentage": "8.33%"
              },
              "31-45": {
                "total": 5,
                "percentage": "20.83%"
              },
              "46-60": {
                "total": 3,
                "percentage": "12.50%"
              },
              "61-75": {
                "total": 6,
                "percentage": "25.00%"
              },
              "76-90": {
                "total": 5,
                "percentage": "20.83%"
              },
              "91-105": {
                "total": null,
                "percentage": null
              },
              "106-120": {
                "total": null,
                "percentage": null
              }
            },
            "under_over": {
              "0.5": {
                "over": 11,
                "under": 3
              },
              "1.5": {
                "over": 8,
                "under": 6
              },
              "2.5": {
                "over": 4,
                "under": 10
              },
              "3.5": {
                "over": 1,
                "under": 13
              },
              "4.5": {
                "over": 0,
                "under": 14
              }
            }
          }
        },
        "biggest": {
          "streak": {
            "wins": 1,
            "draws": 1,
            "loses": 2
          },
          "wins": {
            "home": "5-2",
            "away": null
          },
          "loses": {
            "home": "1-4",
            "away": "3-1"
          },
          "goals": {
            "for": {
              "home": 5,
              "away": 2
            },
            "against": {
              "home": 4,
              "away": 3
            }
          }
        },
        "clean_sheet": {
          "home": 3,
          "away": 0,
          "total": 3
        },
        "failed_to_score": {
          "home": 0,
          "away": 0,
          "total": 0
        },
        "penalty": {
          "scored": {
            "total": 0,
            "percentage": "0%"
          },
          "missed": {
            "total": 0,
            "percentage": "0%"
          },
          "total": 0
        },
        "lineups": [],
        "cards": {
          "yellow": {
            "0-15": {
              "total": null,
              "percentage": null
            },
            "16-30": {
              "total": 1,
              "percentage": "100.00%"
            },
            "31-45": {
              "total": null,
              "percentage": null
            },
            "46-60": {
              "total": null,
              "percentage": null
            },
            "61-75": {
              "total": null,
              "percentage": null
            },
            "76-90": {
              "total": null,
              "percentage": null
            },
            "91-105": {
              "total": null,
              "percentage": null
            },
            "106-120": {
              "total": null,
              "percentage": null
            }
          },
          "red": {
            "0-15": {
              "total": null,
              "percentage": null
            },
            "16-30": {
              "total": null,
              "percentage": null
            },
            "31-45": {
              "total": null,
              "percentage": null
            },
            "46-60": {
              "total": 1,
              "percentage": "25.00%"
            },
            "61-75": {
              "total": 2,
              "percentage": "50.00%"
            },
            "76-90": {
              "total": 1,
              "percentage": "25.00%"
            },
            "91-105": {
              "total": null,
              "percentage": null
            },
            "106-120": {
              "total": null,
              "percentage": null
            }
          }
        }
      }
    }
  },
  "comparison": {
    "form": {
      "home": "0%",
      "away": "100%"
    },
    "att": {
      "home": "33%",
      "away": "67%"
    },
    "def": {
      "home": "32%",
      "away": "68%"
    },
    "poisson_distribution": {
      "home": "35%",
      "away": "65%"
    },
    "h2h": {
      "home": "0%",
      "away": "100%"
    },
    "goals": {
      "home": "29%",
      "away": "71%"
    },
    "total": {
      "home": "32.3%",
      "away": "67.8%"
    }
  },
  "h2h": [
    {
      "fixture": {
        "id": 1404058,
        "referee": "Jesús Aguirre",
        "timezone": "UTC",
        "date": "2025-08-03T01:00:00+00:00",
        "timestamp": 1754182800,
        "periods": {
          "first": 1754182800,
          "second": 1754186400
        },
        "venue": {
          "id": null,
          "name": "Estadio Jose Ramon Flores",
          "city": "Santa Rosa"
        },
        "status": {
          "long": "Match Finished",
          "short": "FT",
          "elapsed": 90,
          "extra": 8
        }
      },
      "league": {
        "id": 370,
        "name": "Primera Division",
        "country": "El-Salvador",
        "logo": "https://media.api-sports.io/football/leagues/370.png",
        "flag": "https://media.api-sports.io/flags/sv.svg",
        "season": 2025,
        "round": "Apertura - 4",
        "standings": true
      },
      "teams": {
        "home": {
          "id": 4306,
          "name": "Municipal Limeño",
          "logo": "https://media.api-sports.io/football/teams/4306.png",
          "winner": true
        },
        "away": {
          "id": 26156,
          "name": "Hércules",
          "logo": "https://media.api-sports.io/football/teams/26156.png",
          "winner": false
        }
      },
      "goals": {
        "home": 5,
        "away": 2
      },
      "score": {
        "halftime": {
          "home": 1,
          "away": 0
        },
        "fulltime": {
          "home": 5,
          "away": 2
        },
        "extratime": {
          "home": null,
          "away": null
        },
        "penalty": {
          "home": null,
          "away": null
        }
      }
    }
  ]
}