{
  "predictions": {
    "winner": {
      "id": 2881,
      "name": "Alianza FC",
      "comment": "Win or draw"
    },
    "win_or_draw": true,
    "under_over": null,
    "goals": {
      "home": "-2.5",
      "away": "-3.5"
    },
    "advice": "Double chance : draw or Alianza FC",
    "percent": {
      "home": "10%",
      "draw": "45%",
      "away": "45%"
    }
  },
  "league": {
    "id": 304,
    "name": "Liga Panameña de Fútbol",
    "country": "Panama",
    "logo": "https://media.api-sports.io/football/leagues/304.png",
    "flag": "https://media.api-sports.io/flags/pa.svg",
    "season": 2025
  },
  "teams": {
    "home": {
      "id": 26157,
      "name": "SD Atletico Nacional",
      "logo": "https://media.api-sports.io/football/teams/26157.png",
      "last_5": {
        "played": 5,
        "form": "27%",
        "att": "45%",
        "def": "0%",
        "goals": {
          "for": {
            "total": 5,
            "average": "1.0"
          },
          "against": {
            "total": 11,
            "average": "2.2"
          }
        }
      },
      "league": {
        "form": "LLDDDLLDLW",
        "fixtures": {
          "played": {
            "home": 5,
            "away": 5,
            "total": 10
          },
          "wins": {
            "home": 1,
            "away": 0,
            "total": 1
          },
          "draws": {
            "home": 1,
            "away": 3,
            "total": 4
          },
          "loses": {
            "home": 3,
            "away": 2,
            "total": 5
          }
        },
        "goals": {
          "for": {
            "total": {
              "home": 6,
              "away": 6,
              "total": 12
            },
            "average": {
              "home": "1.2",
              "away": "1.2",
              "total": "1.2"
            },
            "minute": {
              "0-15": {
                "total": 2,
                "percentage": "18.18%"
              },
              "16-30": {
                "total": null,
                "percentage": null
              },
              "31-45": {
                "total": null,
                "percentage": null
              },
              "46-60": {
                "total": 1,
                "percentage": "9.09%"
              },
              "61-75": {
                "total": 1,
                "percentage": "9.09%"
              },
              "76-90": {
                "total": 7,
                "percentage": "63.64%"
              },
              "91-105": {
                "total": null,
                "percentage": null
              },
              "106-120": {
                "total": null,
                "percentage": null
              }
            },
            "under_over": {
              "0.5": {
                "over": 7,
                "under": 3
              },
              "1.5": {
                "over": 4,
                "under": 6
              },
              "2.5": {
                "over": 1,
                "under": 9
              },
              "3.5": {
                "over": 0,
                "under": 10
              },
              "4.5": {
                "over": 0,
                "under": 10
              }
            }
          },
          "against": {
            "total": {
              "home": 12,
              "away": 10,
              "total": 22
            },
            "average": {
              "home": "2.4",
              "away": "2.0",
              "total": "2.2"
            },
            "minute": {
              "0-15": {
                "total": 1,
                "percentage": "4.35%"
              },
              "16-30": {
                "total": 6,
                "percentage": "26.09%"
              },
              "31-45": {
                "total": 6,
                "percentage": "26.09%"
              },
              "46-60": {
                "total": 1,
                "percentage": "4.35%"
              },
              "61-75": {
                "total": 4,
                "percentage": "17.39%"
              },
              "76-90": {
                "total": 5,
                "percentage": "21.74%"
              },
              "91-105": {
                "total": null,
                "percentage": null
              },
              "106-120": {
                "total": null,
                "percentage": null
              }
            },
            "under_over": {
              "0.5": {
                "over": 10,
                "under": 0
              },
              "1.5": {
                "over": 7,
                "under": 3
              },
              "2.5": {
                "over": 3,
                "under": 7
              },
              "3.5": {
                "over": 1,
                "under": 9
              },
              "4.5": {
                "over": 1,
                "under": 9
              }
            }
          }
        },
        "biggest": {
          "streak": {
            "wins": 0,
            "draws": 3,
            "loses": 2
          },
          "wins": {
            "home": "2-1",
            "away": null
          },
          "loses": {
            "home": "2-5",
            "away": "2-0"
          },
          "goals": {
            "for": {
              "home": 2,
              "away": 3
            },
            "against": {
              "home": 5,
              "away": 3
            }
          }
        },
        "clean_sheet": {
          "home": 0,
          "away": 0,
          "total": 0
        },
        "failed_to_score": {
          "home": 1,
          "away": 2,
          "total": 3
        },
        "penalty": {
          "scored": {
            "total": 0,
            "percentage": "0%"
          },
          "missed": {
            "total": 0,
            "percentage": "0%"
          },
          "total": 0
        },
        "lineups": [],
        "cards": {
          "yellow": {
            "0-15": {
              "total": null,
              "percentage": null
            },
            "16-30": {
              "total": 5,
              "percentage": "25.00%"
            },
            "31-45": {
              "total": 7,
              "percentage": "35.00%"
            },
            "46-60": {
              "total": 1,
              "percentage": "5.00%"
            },
            "61-75": {
              "total": 5,
              "percentage": "25.00%"
            },
            "76-90": {
              "total": null,
              "percentage": null
            },
            "91-105": {
              "total": 2,
              "percentage": "10.00%"
            },
            "106-120": {
              "total": null,
              "percentage": null
            }
          },
          "red": {
            "0-15": {
              "total": null,
              "percentage": null
            },
            "16-30": {
              "total": null,
              "percentage": null
            },
            "31-45": {
              "total": null,
              "percentage": null
            },
            "46-60": {
              "total": null,
              "percentage": null
            },
            "61-75": {
              "total": 2,
              "percentage": "100.00%"
            },
            "76-90": {
              "total": null,
              "percentage": null
            },
            "91-105": {
              "total": null,
              "percentage": null
            },
            "106-120": {
              "total": null,
              "percentage": null
            }
          }
        }
      }
    },
    "away": {
      "id": 2881,
      "name": "Alianza FC",
      "logo": "https://media.api-sports.io/football/teams/2881.png",
      "last_5": {
        "played": 5,
        "form": "60%",
        "att": "55%",
        "def": "64%",
        "goals": {
          "for": {
            "total": 6,
            "average": "1.2"
          },
          "against": {
            "total": 4,
            "average": "0.8"
          }
        }
      },
      "league": {
        "form": "DWDLLDDLLDWDLWLWLWDLWDWDDW",
        "fixtures": {
          "played": {
            "home": 14,
            "away": 12,
            "total": 26
          },
          "wins": {
            "home": 6,
            "away": 2,
            "total": 8
          },
          "draws": {
            "home": 3,
            "away": 7,
            "total": 10
          },
          "loses": {
            "home": 5,
            "away": 3,
            "total": 8
          }
        },
        "goals": {
          "for": {
            "total": {
              "home": 16,
              "away": 16,
              "total": 32
            },
            "average": {
              "home": "1.1",
              "away": "1.3",
              "total": "1.2"
            },
            "minute": {
              "0-15": {
                "total": 9,
                "percentage": "29.03%"
              },
              "16-30": {
                "total": 3,
                "percentage": "9.68%"
              },
              "31-45": {
                "total": 5,
                "percentage": "16.13%"
              },
              "46-60": {
                "total": 4,
                "percentage": "12.90%"
              },
              "61-75": {
                "total": 1,
                "percentage": "3.23%"
              },
              "76-90": {
                "total": 9,
                "percentage": "29.03%"
              },
              "91-105": {
                "total": null,
                "percentage": null
              },
              "106-120": {
                "total": null,
                "percentage": null
              }
            },
            "under_over": {
              "0.5": {
                "over": 19,
                "under": 7
              },
              "1.5": {
                "over": 11,
                "under": 15
              },
              "2.5": {
                "over": 2,
                "under": 24
              },
              "3.5": {
                "over": 0,
                "under": 26
              },
              "4.5": {
                "over": 0,
                "under": 26
              }
            }
          },
          "against": {
            "total": {
              "home": 15,
              "away": 19,
              "total": 34
            },
            "average": {
              "home": "1.1",
              "away": "1.6",
              "total": "1.3"
            },
            "minute": {
              "0-15": {
                "total": 6,
                "percentage": "17.14%"
              },
              "16-30": {
                "total": 1,
                "percentage": "2.86%"
              },
              "31-45": {
                "total": 10,
                "percentage": "28.57%"
              },
              "46-60": {
                "total": 4,
                "percentage": "11.43%"
              },
              "61-75": {
                "total": 5,
                "percentage": "14.29%"
              },
              "76-90": {
                "total": 9,
                "percentage": "25.71%"
              },
              "91-105": {
                "total": null,
                "percentage": null
              },
              "106-120": {
                "total": null,
                "percentage": null
              }
            },
            "under_over": {
              "0.5": {
                "over": 21,
                "under": 5
              },
              "1.5": {
                "over": 11,
                "under": 15
              },
              "2.5": {
                "over": 2,
                "under": 24
              },
              "3.5": {
                "over": 0,
                "under": 26
              },
              "4.5": {
                "over": 0,
                "under": 26
              }
            }
          }
        },
        "biggest": {
          "streak": {
            "wins": 1,
            "draws": 2,
            "loses": 2
          },
          "wins": {
            "home": "2-0",
            "away": "1-2"
          },
          "loses": {
            "home": "0-2",
            "away": "2-0"
          },
          "goals": {
            "for": {
              "home": 3,
              "away": 3
            },
            "against": {
              "home": 3,
              "away": 3
            }
          }
        },
        "clean_sheet": {
          "home": 4,
          "away": 1,
          "total": 5
        },
        "failed_to_score": {
          "home": 4,
          "away": 3,
          "total": 7
        },
        "penalty": {
          "scored": {
            "total": 2,
            "percentage": "100.00%"
          },
          "missed": {
            "total": 0,
            "percentage": "0%"
          },
          "total": 2
        },
        "lineups": [],
        "cards": {
          "yellow": {
            "0-15": {
              "total": 1,
              "percentage": "1.25%"
            },
            "16-30": {
              "total": 14,
              "percentage": "17.50%"
            },
            "31-45": {
              "total": 12,
              "percentage": "15.00%"
            },
            "46-60": {
              "total": 8,
              "percentage": "10.00%"
            },
            "61-75": {
              "total": 12,
              "percentage": "15.00%"
            },
            "76-90": {
              "total": 20,
              "percentage": "25.00%"
            },
            "91-105": {
              "total": 13,
              "percentage": "16.25%"
            },
            "106-120": {
              "total": null,
              "percentage": null
            }
          },
          "red": {
            "0-15": {
              "total": null,
              "percentage": null
            },
            "16-30": {
              "total": null,
              "percentage": null
            },
            "31-45": {
              "total": null,
              "percentage": null
            },
            "46-60": {
              "total": null,
              "percentage": null
            },
            "61-75": {
              "total": null,
              "percentage": null
            },
            "76-90": {
              "total": 2,
              "percentage": "66.67%"
            },
            "91-105": {
              "total": 1,
              "percentage": "33.33%"
            },
            "106-120": {
              "total": null,
              "percentage": null
            }
          }
        }
      }
    }
  },
  "comparison": {
    "form": {
      "home": "31%",
      "away": "69%"
    },
    "att": {
      "home": "45%",
      "away": "55%"
    },
    "def": {
      "home": "27%",
      "away": "73%"
    },
    "poisson_distribution": {
      "home": "33%",
      "away": "67%"
    },
    "h2h": {
      "home": "0%",
      "away": "0%"
    },
    "goals": {
      "home": "0%",
      "away": "0%"
    },
    "total": {
      "home": "34.0%",
      "away": "66.0%"
    }
  },
  "h2h": []
}