{
  "predictions": {
    "winner": {
      "id": 3711,
      "name": "The Strongest",
      "comment": "Win or draw"
    },
    "win_or_draw": true,
    "under_over": null,
    "goals": {
      "home": "-2.5",
      "away": "-2.5"
    },
    "advice": "Double chance : The Strongest or draw",
    "percent": {
      "home": "35%",
      "draw": "35%",
      "away": "30%"
    }
  },
  "league": {
    "id": 964,
    "name": "Copa de la División Profesional",
    "country": "Bolivia",
    "logo": "https://media.api-sports.io/football/leagues/964.png",
    "flag": "https://media.api-sports.io/flags/bo.svg",
    "season": 2024
  },
  "teams": {
    "home": {
      "id": 3711,
      "name": "The Strongest",
      "logo": "https://media.api-sports.io/football/teams/3711.png",
      "last_5": {
        "played": 5,
        "form": "33%",
        "att": "41%",
        "def": "53%",
        "goals": {
          "for": {
            "total": 7,
            "average": "1.4"
          },
          "against": {
            "total": 8,
            "average": "1.6"
          }
        }
      },
      "league": {
        "form": "WDLLWDLD",
        "fixtures": {
          "played": {
            "home": 3,
            "away": 5,
            "total": 8
          },
          "wins": {
            "home": 2,
            "away": 0,
            "total": 2
          },
          "draws": {
            "home": 0,
            "away": 3,
            "total": 3
          },
          "loses": {
            "home": 1,
            "away": 2,
            "total": 3
          }
        },
        "goals": {
          "for": {
            "total": {
              "home": 7,
              "away": 7,
              "total": 14
            },
            "average": {
              "home": "2.3",
              "away": "1.4",
              "total": "1.8"
            },
            "minute": {
              "0-15": {
                "total": null,
                "percentage": null
              },
              "16-30": {
                "total": 2,
                "percentage": "14.29%"
              },
              "31-45": {
                "total": 3,
                "percentage": "21.43%"
              },
              "46-60": {
                "total": 1,
                "percentage": "7.14%"
              },
              "61-75": {
                "total": 3,
                "percentage": "21.43%"
              },
              "76-90": {
                "total": 5,
                "percentage": "35.71%"
              },
              "91-105": {
                "total": null,
                "percentage": null
              },
              "106-120": {
                "total": null,
                "percentage": null
              }
            },
            "under_over": {
              "0.5": {
                "over": 6,
                "under": 2
              },
              "1.5": {
                "over": 4,
                "under": 4
              },
              "2.5": {
                "over": 2,
                "under": 6
              },
              "3.5": {
                "over": 1,
                "under": 7
              },
              "4.5": {
                "over": 1,
                "under": 7
              }
            }
          },
          "against": {
            "total": {
              "home": 2,
              "away": 9,
              "total": 11
            },
            "average": {
              "home": "0.7",
              "away": "1.8",
              "total": "1.4"
            },
            "minute": {
              "0-15": {
                "total": 1,
                "percentage": "9.09%"
              },
              "16-30": {
                "total": 2,
                "percentage": "18.18%"
              },
              "31-45": {
                "total": 1,
                "percentage": "9.09%"
              },
              "46-60": {
                "total": null,
                "percentage": null
              },
              "61-75": {
                "total": 3,
                "percentage": "27.27%"
              },
              "76-90": {
                "total": 4,
                "percentage": "36.36%"
              },
              "91-105": {
                "total": null,
                "percentage": null
              },
              "106-120": {
                "total": null,
                "percentage": null
              }
            },
            "under_over": {
              "0.5": {
                "over": 7,
                "under": 1
              },
              "1.5": {
                "over": 3,
                "under": 5
              },
              "2.5": {
                "over": 1,
                "under": 7
              },
              "3.5": {
                "over": 0,
                "under": 8
              },
              "4.5": {
                "over": 0,
                "under": 8
              }
            }
          }
        },
        "biggest": {
          "streak": {
            "wins": 1,
            "draws": 1,
            "loses": 2
          },
          "wins": {
            "home": "5-0",
            "away": null
          },
          "loses": {
            "home": "0-1",
            "away": "2-1"
          },
          "goals": {
            "for": {
              "home": 5,
              "away": 3
            },
            "against": {
              "home": 1,
              "away": 3
            }
          }
        },
        "clean_sheet": {
          "home": 1,
          "away": 0,
          "total": 1
        },
        "failed_to_score": {
          "home": 1,
          "away": 1,
          "total": 2
        },
        "penalty": {
          "scored": {
            "total": 2,
            "percentage": "100.00%"
          },
          "missed": {
            "total": 0,
            "percentage": "0%"
          },
          "total": 2
        },
        "lineups": [],
        "cards": {
          "yellow": {
            "0-15": {
              "total": 1,
              "percentage": "4.17%"
            },
            "16-30": {
              "total": 1,
              "percentage": "4.17%"
            },
            "31-45": {
              "total": 5,
              "percentage": "20.83%"
            },
            "46-60": {
              "total": 3,
              "percentage": "12.50%"
            },
            "61-75": {
              "total": 4,
              "percentage": "16.67%"
            },
            "76-90": {
              "total": 5,
              "percentage": "20.83%"
            },
            "91-105": {
              "total": 5,
              "percentage": "20.83%"
            },
            "106-120": {
              "total": null,
              "percentage": null
            }
          },
          "red": {
            "0-15": {
              "total": null,
              "percentage": null
            },
            "16-30": {
              "total": 1,
              "percentage": "20.00%"
            },
            "31-45": {
              "total": null,
              "percentage": null
            },
            "46-60": {
              "total": 2,
              "percentage": "40.00%"
            },
            "61-75": {
              "total": null,
              "percentage": null
            },
            "76-90": {
              "total": 2,
              "percentage": "40.00%"
            },
            "91-105": {
              "total": null,
              "percentage": null
            },
            "106-120": {
              "total": null,
              "percentage": null
            }
          }
        }
      }
    },
    "away": {
      "id": 22266,
      "name": "Gualberto Villarroel SJ",
      "logo": "https://media.api-sports.io/football/teams/22266.png",
      "last_5": {
        "played": 5,
        "form": "67%",
        "att": "59%",
        "def": "71%",
        "goals": {
          "for": {
            "total": 10,
            "average": "2.0"
          },
          "against": {
            "total": 5,
            "average": "1.0"
          }
        }
      },
      "league": {
        "form": "DLDWDWLW",
        "fixtures": {
          "played": {
            "home": 4,
            "away": 4,
            "total": 8
          },
          "wins": {
            "home": 2,
            "away": 1,
            "total": 3
          },
          "draws": {
            "home": 2,
            "away": 1,
            "total": 3
          },
          "loses": {
            "home": 0,
            "away": 2,
            "total": 2
          }
        },
        "goals": {
          "for": {
            "total": {
              "home": 10,
              "away": 5,
              "total": 15
            },
            "average": {
              "home": "2.5",
              "away": "1.3",
              "total": "1.9"
            },
            "minute": {
              "0-15": {
                "total": 3,
                "percentage": "18.75%"
              },
              "16-30": {
                "total": 1,
                "percentage": "6.25%"
              },
              "31-45": {
                "total": 2,
                "percentage": "12.50%"
              },
              "46-60": {
                "total": 4,
                "percentage": "25.00%"
              },
              "61-75": {
                "total": 3,
                "percentage": "18.75%"
              },
              "76-90": {
                "total": 1,
                "percentage": "6.25%"
              },
              "91-105": {
                "total": 2,
                "percentage": "12.50%"
              },
              "106-120": {
                "total": null,
                "percentage": null
              }
            },
            "under_over": {
              "0.5": {
                "over": 8,
                "under": 0
              },
              "1.5": {
                "over": 4,
                "under": 4
              },
              "2.5": {
                "over": 1,
                "under": 7
              },
              "3.5": {
                "over": 1,
                "under": 7
              },
              "4.5": {
                "over": 1,
                "under": 7
              }
            }
          },
          "against": {
            "total": {
              "home": 3,
              "away": 8,
              "total": 11
            },
            "average": {
              "home": "0.8",
              "away": "2.0",
              "total": "1.4"
            },
            "minute": {
              "0-15": {
                "total": 1,
                "percentage": "10.00%"
              },
              "16-30": {
                "total": 1,
                "percentage": "10.00%"
              },
              "31-45": {
                "total": 3,
                "percentage": "30.00%"
              },
              "46-60": {
                "total": null,
                "percentage": null
              },
              "61-75": {
                "total": 1,
                "percentage": "10.00%"
              },
              "76-90": {
                "total": 4,
                "percentage": "40.00%"
              },
              "91-105": {
                "total": null,
                "percentage": null
              },
              "106-120": {
                "total": null,
                "percentage": null
              }
            },
            "under_over": {
              "0.5": {
                "over": 5,
                "under": 3
              },
              "1.5": {
                "over": 4,
                "under": 4
              },
              "2.5": {
                "over": 1,
                "under": 7
              },
              "3.5": {
                "over": 1,
                "under": 7
              },
              "4.5": {
                "over": 0,
                "under": 8
              }
            }
          }
        },
        "biggest": {
          "streak": {
            "wins": 1,
            "draws": 1,
            "loses": 1
          },
          "wins": {
            "home": "5-0",
            "away": "0-1"
          },
          "loses": {
            "home": null,
            "away": "4-1"
          },
          "goals": {
            "for": {
              "home": 5,
              "away": 2
            },
            "against": {
              "home": 2,
              "away": 4
            }
          }
        },
        "clean_sheet": {
          "home": 2,
          "away": 1,
          "total": 3
        },
        "failed_to_score": {
          "home": 0,
          "away": 0,
          "total": 0
        },
        "penalty": {
          "scored": {
            "total": 5,
            "percentage": "100.00%"
          },
          "missed": {
            "total": 0,
            "percentage": "0%"
          },
          "total": 5
        },
        "lineups": [],
        "cards": {
          "yellow": {
            "0-15": {
              "total": 1,
              "percentage": "4.76%"
            },
            "16-30": {
              "total": 3,
              "percentage": "14.29%"
            },
            "31-45": {
              "total": 4,
              "percentage": "19.05%"
            },
            "46-60": {
              "total": 3,
              "percentage": "14.29%"
            },
            "61-75": {
              "total": 5,
              "percentage": "23.81%"
            },
            "76-90": {
              "total": 2,
              "percentage": "9.52%"
            },
            "91-105": {
              "total": 3,
              "percentage": "14.29%"
            },
            "106-120": {
              "total": null,
              "percentage": null
            }
          },
          "red": {
            "0-15": {
              "total": null,
              "percentage": null
            },
            "16-30": {
              "total": null,
              "percentage": null
            },
            "31-45": {
              "total": null,
              "percentage": null
            },
            "46-60": {
              "total": null,
              "percentage": null
            },
            "61-75": {
              "total": 1,
              "percentage": "33.33%"
            },
            "76-90": {
              "total": null,
              "percentage": null
            },
            "91-105": {
              "total": 2,
              "percentage": "66.67%"
            },
            "106-120": {
              "total": null,
              "percentage": null
            }
          }
        }
      }
    }
  },
  "comparison": {
    "form": {
      "home": "33%",
      "away": "67%"
    },
    "att": {
      "home": "41%",
      "away": "59%"
    },
    "def": {
      "home": "38%",
      "away": "62%"
    },
    "poisson_distribution": {
      "home": "79%",
      "away": "21%"
    },
    "h2h": {
      "home": "80%",
      "away": "20%"
    },
    "goals": {
      "home": "59%",
      "away": "41%"
    },
    "total": {
      "home": "55.0%",
      "away": "45.0%"
    }
  },
  "h2h": [
    {
      "fixture": {
        "id": 1419582,
        "referee": "Ivo Nigel Méndez Chávez",
        "timezone": "UTC",
        "date": "2025-08-23T15:00:00+00:00",
        "timestamp": 1755961200,
        "periods": {
          "first": 1755961200,
          "second": 1755964800
        },
        "venue": {
          "id": 198,
          "name": "Estadio Hernando Siles",
          "city": "La Paz"
        },
        "status": {
          "long": "Match Finished",
          "short": "FT",
          "elapsed": 90,
          "extra": 4
        }
      },
      "league": {
        "id": 344,
        "name": "Primera División",
        "country": "Bolivia",
        "logo": "https://media.api-sports.io/football/leagues/344.png",
        "flag": "https://media.api-sports.io/flags/bo.svg",
        "season": 2025,
        "round": "Apertura - 18",
        "standings": true
      },
      "teams": {
        "home": {
          "id": 3711,
          "name": "The Strongest",
          "logo": "https://media.api-sports.io/football/teams/3711.png",
          "winner": true
        },
        "away": {
          "id": 22266,
          "name": "Gualberto Villarroel SJ",
          "logo": "https://media.api-sports.io/football/teams/22266.png",
          "winner": false
        }
      },
      "goals": {
        "home": 2,
        "away": 1
      },
      "score": {
        "halftime": {
          "home": 1,
          "away": 1
        },
        "fulltime": {
          "home": 2,
          "away": 1
        },
        "extratime": {
          "home": null,
          "away": null
        },
        "penalty": {
          "home": null,
          "away": null
        }
      }
    },
    {
      "fixture": {
        "id": 1367167,
        "referee": "D. Rodriguez",
        "timezone": "UTC",
        "date": "2025-04-13T19:00:00+00:00",
        "timestamp": 1744570800,
        "periods": {
          "first": 1744570800,
          "second": 1744574400
        },
        "venue": {
          "id": 2491,
          "name": "Estadio Jesús Bermúdez",
          "city": "Oruro"
        },
        "status": {
          "long": "Match Finished",
          "short": "FT",
          "elapsed": 90,
          "extra": 5
        }
      },
      "league": {
        "id": 344,
        "name": "Primera División",
        "country": "Bolivia",
        "logo": "https://media.api-sports.io/football/leagues/344.png",
        "flag": "https://media.api-sports.io/flags/bo.svg",
        "season": 2025,
        "round": "Apertura - 3",
        "standings": true
      },
      "teams": {
        "home": {
          "id": 22266,
          "name": "Gualberto Villarroel SJ",
          "logo": "https://media.api-sports.io/football/teams/22266.png",
          "winner": false
        },
        "away": {
          "id": 3711,
          "name": "The Strongest",
          "logo": "https://media.api-sports.io/football/teams/3711.png",
          "winner": true
        }
      },
      "goals": {
        "home": 0,
        "away": 4
      },
      "score": {
        "halftime": {
          "home": 0,
          "away": 1
        },
        "fulltime": {
          "home": 0,
          "away": 4
        },
        "extratime": {
          "home": null,
          "away": null
        },
        "penalty": {
          "home": null,
          "away": null
        }
      }
    },
    {
      "fixture": {
        "id": 1297947,
        "referee": "B. Rueda",
        "timezone": "UTC",
        "date": "2024-10-30T00:00:00+00:00",
        "timestamp": 1730246400,
        "periods": {
          "first": 1730246400,
          "second": 1730250000
        },
        "venue": {
          "id": 198,
          "name": "Estadio Hernando Siles",
          "city": "La Paz"
        },
        "status": {
          "long": "Match Finished",
          "short": "FT",
          "elapsed": 90,
          "extra": 7
        }
      },
      "league": {
        "id": 344,
        "name": "Primera División",
        "country": "Bolivia",
        "logo": "https://media.api-sports.io/football/leagues/344.png",
        "flag": "https://media.api-sports.io/flags/bo.svg",
        "season": 2024,
        "round": "Clausura - 21",
        "standings": true
      },
      "teams": {
        "home": {
          "id": 3711,
          "name": "The Strongest",
          "logo": "https://media.api-sports.io/football/teams/3711.png",
          "winner": true
        },
        "away": {
          "id": 22266,
          "name": "Gualberto Villarroel SJ",
          "logo": "https://media.api-sports.io/football/teams/22266.png",
          "winner": false
        }
      },
      "goals": {
        "home": 3,
        "away": 2
      },
      "score": {
        "halftime": {
          "home": 2,
          "away": 1
        },
        "fulltime": {
          "home": 3,
          "away": 2
        },
        "extratime": {
          "home": null,
          "away": null
        },
        "penalty": {
          "home": null,
          "away": null
        }
      }
    },
    {
      "fixture": {
        "id": 1214168,
        "referee": "I. Méndez",
        "timezone": "UTC",
        "date": "2024-07-20T21:30:00+00:00",
        "timestamp": 1721511000,
        "periods": {
          "first": 1721511000,
          "second": 1721514600
        },
        "venue": {
          "id": 2491,
          "name": "Estadio Jesús Bermúdez",
          "city": "Oruro"
        },
        "status": {
          "long": "Match Finished",
          "short": "FT",
          "elapsed": 90,
          "extra": null
        }
      },
      "league": {
        "id": 344,
        "name": "Primera División",
        "country": "Bolivia",
        "logo": "https://media.api-sports.io/football/leagues/344.png",
        "flag": "https://media.api-sports.io/flags/bo.svg",
        "season": 2024,
        "round": "Clausura - 6",
        "standings": true
      },
      "teams": {
        "home": {
          "id": 22266,
          "name": "Gualberto Villarroel SJ",
          "logo": "https://media.api-sports.io/football/teams/22266.png",
          "winner": true
        },
        "away": {
          "id": 3711,
          "name": "The Strongest",
          "logo": "https://media.api-sports.io/football/teams/3711.png",
          "winner": false
        }
      },
      "goals": {
        "home": 5,
        "away": 2
      },
      "score": {
        "halftime": {
          "home": 2,
          "away": 2
        },
        "fulltime": {
          "home": 5,
          "away": 2
        },
        "extratime": {
          "home": null,
          "away": null
        },
        "penalty": {
          "home": null,
          "away": null
        }
      }
    },
    {
      "fixture": {
        "id": 1195049,
        "referee": "C. García",
        "timezone": "UTC",
        "date": "2024-04-18T00:00:00+00:00",
        "timestamp": 1713398400,
        "periods": {
          "first": 1713398400,
          "second": 1713402000
        },
        "venue": {
          "id": 198,
          "name": "Estadio Hernando Siles",
          "city": "La Paz"
        },
        "status": {
          "long": "Match Finished",
          "short": "FT",
          "elapsed": 90,
          "extra": null
        }
      },
      "league": {
        "id": 344,
        "name": "Primera División",
        "country": "Bolivia",
        "logo": "https://media.api-sports.io/football/leagues/344.png",
        "flag": "https://media.api-sports.io/flags/bo.svg",
        "season": 2024,
        "round": "Apertura - Quarter-finals",
        "standings": true
      },
      "teams": {
        "home": {
          "id": 3711,
          "name": "The Strongest",
          "logo": "https://media.api-sports.io/football/teams/3711.png",
          "winner": true
        },
        "away": {
          "id": 22266,
          "name": "Gualberto Villarroel SJ",
          "logo": "https://media.api-sports.io/football/teams/22266.png",
          "winner": false
        }
      },
      "goals": {
        "home": 2,
        "away": 1
      },
      "score": {
        "halftime": {
          "home": 1,
          "away": 1
        },
        "fulltime": {
          "home": 2,
          "away": 1
        },
        "extratime": {
          "home": null,
          "away": null
        },
        "penalty": {
          "home": null,
          "away": null
        }
      }
    },
    {
      "fixture": {
        "id": 1194767,
        "referee": "J. Peralta",
        "timezone": "UTC",
        "date": "2024-04-14T21:30:00+00:00",
        "timestamp": 1713130200,
        "periods": {
          "first": 1713130200,
          "second": 1713133800
        },
        "venue": {
          "id": 2491,
          "name": "Estadio Jesús Bermúdez",
          "city": "Oruro"
        },
        "status": {
          "long": "Match Finished",
          "short": "FT",
          "elapsed": 90,
          "extra": null
        }
      },
      "league": {
        "id": 344,
        "name": "Primera División",
        "country": "Bolivia",
        "logo": "https://media.api-sports.io/football/leagues/344.png",
        "flag": "https://media.api-sports.io/flags/bo.svg",
        "season": 2024,
        "round": "Apertura - Quarter-finals",
        "standings": true
      },
      "teams": {
        "home": {
          "id": 22266,
          "name": "Gualberto Villarroel SJ",
          "logo": "https://media.api-sports.io/football/teams/22266.png",
          "winner": false
        },
        "away": {
          "id": 3711,
          "name": "The Strongest",
          "logo": "https://media.api-sports.io/football/teams/3711.png",
          "winner": true
        }
      },
      "goals": {
        "home": 0,
        "away": 2
      },
      "score": {
        "halftime": {
          "home": 0,
          "away": 0
        },
        "fulltime": {
          "home": 0,
          "away": 2
        },
        "extratime": {
          "home": null,
          "away": null
        },
        "penalty": {
          "home": null,
          "away": null
        }
      }
    }
  ]
}