{
  "predictions": {
    "winner": {
      "id": null,
      "name": null,
      "comment": null
    },
    "win_or_draw": false,
    "under_over": null,
    "goals": {
      "home": null,
      "away": null
    },
    "advice": "No predictions available",
    "percent": {
      "home": "33%",
      "draw": "33%",
      "away": "33%"
    }
  },
  "league": {
    "id": 128,
    "name": "Liga Profesional Argentina",
    "country": "Argentina",
    "logo": "https://media.api-sports.io/football/leagues/128.png",
    "flag": "https://media.api-sports.io/flags/ar.svg",
    "season": 2025
  },
  "teams": {
    "home": {
      "id": 436,
      "name": "Racing Club",
      "logo": "https://media.api-sports.io/football/teams/436.png",
      "last_5": {
        "played": 5,
        "form": "47%",
        "att": "50%",
        "def": "50%",
        "goals": {
          "for": {
            "total": 7,
            "average": "1.4"
          },
          "against": {
            "total": 7,
            "average": "1.4"
          }
        }
      },
      "league": {
        "form": "WWLWLLLLDWLWWWWWLLWLDLLLWWD",
        "fixtures": {
          "played": {
            "home": 14,
            "away": 13,
            "total": 27
          },
          "wins": {
            "home": 6,
            "away": 6,
            "total": 12
          },
          "draws": {
            "home": 1,
            "away": 2,
            "total": 3
          },
          "loses": {
            "home": 7,
            "away": 5,
            "total": 12
          }
        },
        "goals": {
          "for": {
            "total": {
              "home": 19,
              "away": 17,
              "total": 36
            },
            "average": {
              "home": "1.4",
              "away": "1.3",
              "total": "1.3"
            },
            "minute": {
              "0-15": {
                "total": 1,
                "percentage": "2.86%"
              },
              "16-30": {
                "total": 9,
                "percentage": "25.71%"
              },
              "31-45": {
                "total": 5,
                "percentage": "14.29%"
              },
              "46-60": {
                "total": 6,
                "percentage": "17.14%"
              },
              "61-75": {
                "total": 4,
                "percentage": "11.43%"
              },
              "76-90": {
                "total": 9,
                "percentage": "25.71%"
              },
              "91-105": {
                "total": 1,
                "percentage": "2.86%"
              },
              "106-120": {
                "total": null,
                "percentage": null
              }
            },
            "under_over": {
              "0.5": {
                "over": 20,
                "under": 7
              },
              "1.5": {
                "over": 11,
                "under": 16
              },
              "2.5": {
                "over": 3,
                "under": 24
              },
              "3.5": {
                "over": 2,
                "under": 25
              },
              "4.5": {
                "over": 0,
                "under": 27
              }
            }
          },
          "against": {
            "total": {
              "home": 13,
              "away": 16,
              "total": 29
            },
            "average": {
              "home": "0.9",
              "away": "1.2",
              "total": "1.1"
            },
            "minute": {
              "0-15": {
                "total": 2,
                "percentage": "6.67%"
              },
              "16-30": {
                "total": 6,
                "percentage": "20.00%"
              },
              "31-45": {
                "total": 2,
                "percentage": "6.67%"
              },
              "46-60": {
                "total": 6,
                "percentage": "20.00%"
              },
              "61-75": {
                "total": 2,
                "percentage": "6.67%"
              },
              "76-90": {
                "total": 12,
                "percentage": "40.00%"
              },
              "91-105": {
                "total": null,
                "percentage": null
              },
              "106-120": {
                "total": null,
                "percentage": null
              }
            },
            "under_over": {
              "0.5": {
                "over": 17,
                "under": 10
              },
              "1.5": {
                "over": 7,
                "under": 20
              },
              "2.5": {
                "over": 4,
                "under": 23
              },
              "3.5": {
                "over": 1,
                "under": 26
              },
              "4.5": {
                "over": 0,
                "under": 27
              }
            }
          }
        },
        "biggest": {
          "streak": {
            "wins": 5,
            "draws": 1,
            "loses": 4
          },
          "wins": {
            "home": "4-0",
            "away": "1-3"
          },
          "loses": {
            "home": "2-3",
            "away": "4-1"
          },
          "goals": {
            "for": {
              "home": 4,
              "away": 3
            },
            "against": {
              "home": 3,
              "away": 4
            }
          }
        },
        "clean_sheet": {
          "home": 6,
          "away": 4,
          "total": 10
        },
        "failed_to_score": {
          "home": 5,
          "away": 2,
          "total": 7
        },
        "penalty": {
          "scored": {
            "total": 1,
            "percentage": "100.00%"
          },
          "missed": {
            "total": 0,
            "percentage": "0%"
          },
          "total": 1
        },
        "lineups": [
          {
            "formation": "3-4-2-1",
            "played": 12
          },
          {
            "formation": "3-4-1-2",
            "played": 5
          },
          {
            "formation": "4-3-3",
            "played": 4
          },
          {
            "formation": "4-1-4-1",
            "played": 3
          },
          {
            "formation": "3-4-3",
            "played": 2
          },
          {
            "formation": "4-4-2",
            "played": 1
          }
        ],
        "cards": {
          "yellow": {
            "0-15": {
              "total": 8,
              "percentage": "9.64%"
            },
            "16-30": {
              "total": 4,
              "percentage": "4.82%"
            },
            "31-45": {
              "total": 14,
              "percentage": "16.87%"
            },
            "46-60": {
              "total": 16,
              "percentage": "19.28%"
            },
            "61-75": {
              "total": 22,
              "percentage": "26.51%"
            },
            "76-90": {
              "total": 16,
              "percentage": "19.28%"
            },
            "91-105": {
              "total": 2,
              "percentage": "2.41%"
            },
            "106-120": {
              "total": null,
              "percentage": null
            },
            "": {
              "total": 1,
              "percentage": "1.20%"
            }
          },
          "red": {
            "0-15": {
              "total": null,
              "percentage": null
            },
            "16-30": {
              "total": 1,
              "percentage": "33.33%"
            },
            "31-45": {
              "total": 1,
              "percentage": "33.33%"
            },
            "46-60": {
              "total": 1,
              "percentage": "33.33%"
            },
            "61-75": {
              "total": null,
              "percentage": null
            },
            "76-90": {
              "total": null,
              "percentage": null
            },
            "91-105": {
              "total": null,
              "percentage": null
            },
            "106-120": {
              "total": null,
              "percentage": null
            }
          }
        }
      }
    },
    "away": {
      "id": 473,
      "name": "Independ. Rivadavia",
      "logo": "https://media.api-sports.io/football/teams/473.png",
      "last_5": {
        "played": 5,
        "form": "40%",
        "att": "36%",
        "def": "64%",
        "goals": {
          "for": {
            "total": 5,
            "average": "1.0"
          },
          "against": {
            "total": 5,
            "average": "1.0"
          }
        }
      },
      "league": {
        "form": "WDWDLLDDWLWDDWWWLLWDLLDWLDD",
        "fixtures": {
          "played": {
            "home": 13,
            "away": 14,
            "total": 27
          },
          "wins": {
            "home": 5,
            "away": 4,
            "total": 9
          },
          "draws": {
            "home": 5,
            "away": 5,
            "total": 10
          },
          "loses": {
            "home": 3,
            "away": 5,
            "total": 8
          }
        },
        "goals": {
          "for": {
            "total": {
              "home": 15,
              "away": 15,
              "total": 30
            },
            "average": {
              "home": "1.2",
              "away": "1.1",
              "total": "1.1"
            },
            "minute": {
              "0-15": {
                "total": 2,
                "percentage": "6.25%"
              },
              "16-30": {
                "total": 4,
                "percentage": "12.50%"
              },
              "31-45": {
                "total": 5,
                "percentage": "15.63%"
              },
              "46-60": {
                "total": 5,
                "percentage": "15.63%"
              },
              "61-75": {
                "total": 6,
                "percentage": "18.75%"
              },
              "76-90": {
                "total": 10,
                "percentage": "31.25%"
              },
              "91-105": {
                "total": null,
                "percentage": null
              },
              "106-120": {
                "total": null,
                "percentage": null
              }
            },
            "under_over": {
              "0.5": {
                "over": 18,
                "under": 9
              },
              "1.5": {
                "over": 9,
                "under": 18
              },
              "2.5": {
                "over": 3,
                "under": 24
              },
              "3.5": {
                "over": 0,
                "under": 27
              },
              "4.5": {
                "over": 0,
                "under": 27
              }
            }
          },
          "against": {
            "total": {
              "home": 16,
              "away": 14,
              "total": 30
            },
            "average": {
              "home": "1.2",
              "away": "1.0",
              "total": "1.1"
            },
            "minute": {
              "0-15": {
                "total": 5,
                "percentage": "17.86%"
              },
              "16-30": {
                "total": 2,
                "percentage": "7.14%"
              },
              "31-45": {
                "total": 5,
                "percentage": "17.86%"
              },
              "46-60": {
                "total": 5,
                "percentage": "17.86%"
              },
              "61-75": {
                "total": 4,
                "percentage": "14.29%"
              },
              "76-90": {
                "total": 7,
                "percentage": "25.00%"
              },
              "91-105": {
                "total": null,
                "percentage": null
              },
              "106-120": {
                "total": null,
                "percentage": null
              }
            },
            "under_over": {
              "0.5": {
                "over": 18,
                "under": 9
              },
              "1.5": {
                "over": 9,
                "under": 18
              },
              "2.5": {
                "over": 2,
                "under": 25
              },
              "3.5": {
                "over": 1,
                "under": 26
              },
              "4.5": {
                "over": 0,
                "under": 27
              }
            }
          }
        },
        "biggest": {
          "streak": {
            "wins": 3,
            "draws": 2,
            "loses": 2
          },
          "wins": {
            "home": "2-0",
            "away": "0-3"
          },
          "loses": {
            "home": "1-4",
            "away": "2-0"
          },
          "goals": {
            "for": {
              "home": 3,
              "away": 3
            },
            "against": {
              "home": 4,
              "away": 2
            }
          }
        },
        "clean_sheet": {
          "home": 5,
          "away": 4,
          "total": 9
        },
        "failed_to_score": {
          "home": 4,
          "away": 5,
          "total": 9
        },
        "penalty": {
          "scored": {
            "total": 4,
            "percentage": "100.00%"
          },
          "missed": {
            "total": 0,
            "percentage": "0%"
          },
          "total": 4
        },
        "lineups": [
          {
            "formation": "4-3-1-2",
            "played": 15
          },
          {
            "formation": "4-1-3-2",
            "played": 5
          },
          {
            "formation": "5-3-2",
            "played": 4
          },
          {
            "formation": "4-4-2",
            "played": 2
          },
          {
            "formation": "4-2-3-1",
            "played": 1
          }
        ],
        "cards": {
          "yellow": {
            "0-15": {
              "total": 5,
              "percentage": "6.67%"
            },
            "16-30": {
              "total": 11,
              "percentage": "14.67%"
            },
            "31-45": {
              "total": 8,
              "percentage": "10.67%"
            },
            "46-60": {
              "total": 14,
              "percentage": "18.67%"
            },
            "61-75": {
              "total": 15,
              "percentage": "20.00%"
            },
            "76-90": {
              "total": 13,
              "percentage": "17.33%"
            },
            "91-105": {
              "total": 9,
              "percentage": "12.00%"
            },
            "106-120": {
              "total": null,
              "percentage": null
            }
          },
          "red": {
            "0-15": {
              "total": 1,
              "percentage": "16.67%"
            },
            "16-30": {
              "total": null,
              "percentage": null
            },
            "31-45": {
              "total": null,
              "percentage": null
            },
            "46-60": {
              "total": 1,
              "percentage": "16.67%"
            },
            "61-75": {
              "total": 2,
              "percentage": "33.33%"
            },
            "76-90": {
              "total": 1,
              "percentage": "16.67%"
            },
            "91-105": {
              "total": 1,
              "percentage": "16.67%"
            },
            "106-120": {
              "total": null,
              "percentage": null
            }
          }
        }
      }
    }
  },
  "comparison": {
    "form": {
      "home": "54%",
      "away": "46%"
    },
    "att": {
      "home": "58%",
      "away": "42%"
    },
    "def": {
      "home": "42%",
      "away": "58%"
    },
    "poisson_distribution": {
      "home": "50%",
      "away": "50%"
    },
    "h2h": {
      "home": "50%",
      "away": "50%"
    },
    "goals": {
      "home": "50%",
      "away": "50%"
    },
    "total": {
      "home": "50.7%",
      "away": "49.3%"
    }
  },
  "h2h": [
    {
      "fixture": {
        "id": 1334433,
        "referee": "N. Arasa",
        "timezone": "UTC",
        "date": "2025-03-28T00:00:00+00:00",
        "timestamp": 1743120000,
        "periods": {
          "first": 1743120000,
          "second": 1743123600
        },
        "venue": {
          "id": 83,
          "name": "Estadio Juan Bautista Gargantini",
          "city": "Mendoza"
        },
        "status": {
          "long": "Match Finished",
          "short": "FT",
          "elapsed": 90,
          "extra": 9
        }
      },
      "league": {
        "id": 128,
        "name": "Liga Profesional Argentina",
        "country": "Argentina",
        "logo": "https://media.api-sports.io/football/leagues/128.png",
        "flag": "https://media.api-sports.io/flags/ar.svg",
        "season": 2025,
        "round": "1st Phase - 11",
        "standings": true
      },
      "teams": {
        "home": {
          "id": 473,
          "name": "Independ. Rivadavia",
          "logo": "https://media.api-sports.io/football/teams/473.png",
          "winner": true
        },
        "away": {
          "id": 436,
          "name": "Racing Club",
          "logo": "https://media.api-sports.io/football/teams/436.png",
          "winner": false
        }
      },
      "goals": {
        "home": 2,
        "away": 1
      },
      "score": {
        "halftime": {
          "home": 0,
          "away": 1
        },
        "fulltime": {
          "home": 2,
          "away": 1
        },
        "extratime": {
          "home": null,
          "away": null
        },
        "penalty": {
          "home": null,
          "away": null
        }
      }
    },
    {
      "fixture": {
        "id": 1158956,
        "referee": "J. Baliño",
        "timezone": "UTC",
        "date": "2024-11-10T22:30:00+00:00",
        "timestamp": 1731277800,
        "periods": {
          "first": 1731277800,
          "second": 1731281400
        },
        "venue": {
          "id": 99,
          "name": "Estadio Presidente Juan Domingo Perón",
          "city": "Avellaneda, Provincia de Buenos Aires"
        },
        "status": {
          "long": "Match Finished",
          "short": "FT",
          "elapsed": 90,
          "extra": 4
        }
      },
      "league": {
        "id": 128,
        "name": "Liga Profesional Argentina",
        "country": "Argentina",
        "logo": "https://media.api-sports.io/football/leagues/128.png",
        "flag": "https://media.api-sports.io/flags/ar.svg",
        "season": 2024,
        "round": "2nd Phase - 22",
        "standings": true
      },
      "teams": {
        "home": {
          "id": 436,
          "name": "Racing Club",
          "logo": "https://media.api-sports.io/football/teams/436.png",
          "winner": true
        },
        "away": {
          "id": 473,
          "name": "Independ. Rivadavia",
          "logo": "https://media.api-sports.io/football/teams/473.png",
          "winner": false
        }
      },
      "goals": {
        "home": 2,
        "away": 1
      },
      "score": {
        "halftime": {
          "home": 1,
          "away": 1
        },
        "fulltime": {
          "home": 2,
          "away": 1
        },
        "extratime": {
          "home": null,
          "away": null
        },
        "penalty": {
          "home": null,
          "away": null
        }
      }
    }
  ]
}