{
  "predictions": {
    "winner": {
      "id": 20087,
      "name": "Syunik",
      "comment": null
    },
    "win_or_draw": false,
    "under_over": "+1.5",
    "goals": {
      "home": "-5.5",
      "away": "-1.5"
    },
    "advice": "Combo Winner : Syunik and +1.5 goals",
    "percent": {
      "home": "50%",
      "draw": "50%",
      "away": "0%"
    }
  },
  "league": {
    "id": 343,
    "name": "First League",
    "country": "Armenia",
    "logo": "https://media.api-sports.io/football/leagues/343.png",
    "flag": "https://media.api-sports.io/flags/am.svg",
    "season": 2025
  },
  "teams": {
    "home": {
      "id": 20087,
      "name": "Syunik",
      "logo": "https://media.api-sports.io/football/teams/20087.png",
      "last_5": {
        "played": 5,
        "form": "67%",
        "att": "72%",
        "def": "94%",
        "goals": {
          "for": {
            "total": 13,
            "average": "2.6"
          },
          "against": {
            "total": 1,
            "average": "0.2"
          }
        }
      },
      "league": {
        "form": "WWWLWWDLW",
        "fixtures": {
          "played": {
            "home": 5,
            "away": 4,
            "total": 9
          },
          "wins": {
            "home": 4,
            "away": 2,
            "total": 6
          },
          "draws": {
            "home": 0,
            "away": 1,
            "total": 1
          },
          "loses": {
            "home": 1,
            "away": 1,
            "total": 2
          }
        },
        "goals": {
          "for": {
            "total": {
              "home": 12,
              "away": 8,
              "total": 20
            },
            "average": {
              "home": "2.4",
              "away": "2.0",
              "total": "2.2"
            },
            "minute": {
              "0-15": {
                "total": 2,
                "percentage": "33.33%"
              },
              "16-30": {
                "total": null,
                "percentage": null
              },
              "31-45": {
                "total": null,
                "percentage": null
              },
              "46-60": {
                "total": null,
                "percentage": null
              },
              "61-75": {
                "total": 3,
                "percentage": "50.00%"
              },
              "76-90": {
                "total": 1,
                "percentage": "16.67%"
              },
              "91-105": {
                "total": null,
                "percentage": null
              },
              "106-120": {
                "total": null,
                "percentage": null
              }
            },
            "under_over": {
              "0.5": {
                "over": 7,
                "under": 2
              },
              "1.5": {
                "over": 5,
                "under": 4
              },
              "2.5": {
                "over": 4,
                "under": 5
              },
              "3.5": {
                "over": 2,
                "under": 7
              },
              "4.5": {
                "over": 2,
                "under": 7
              }
            }
          },
          "against": {
            "total": {
              "home": 1,
              "away": 3,
              "total": 4
            },
            "average": {
              "home": "0.2",
              "away": "0.8",
              "total": "0.4"
            },
            "minute": {
              "0-15": {
                "total": null,
                "percentage": null
              },
              "16-30": {
                "total": null,
                "percentage": null
              },
              "31-45": {
                "total": null,
                "percentage": null
              },
              "46-60": {
                "total": null,
                "percentage": null
              },
              "61-75": {
                "total": null,
                "percentage": null
              },
              "76-90": {
                "total": 1,
                "percentage": "100.00%"
              },
              "91-105": {
                "total": null,
                "percentage": null
              },
              "106-120": {
                "total": null,
                "percentage": null
              }
            },
            "under_over": {
              "0.5": {
                "over": 3,
                "under": 6
              },
              "1.5": {
                "over": 1,
                "under": 8
              },
              "2.5": {
                "over": 0,
                "under": 9
              },
              "3.5": {
                "over": 0,
                "under": 9
              },
              "4.5": {
                "over": 0,
                "under": 9
              }
            }
          }
        },
        "biggest": {
          "streak": {
            "wins": 3,
            "draws": 1,
            "loses": 1
          },
          "wins": {
            "home": "5-0",
            "away": "0-5"
          },
          "loses": {
            "home": "0-1",
            "away": "2-1"
          },
          "goals": {
            "for": {
              "home": 5,
              "away": 5
            },
            "against": {
              "home": 1,
              "away": 2
            }
          }
        },
        "clean_sheet": {
          "home": 4,
          "away": 2,
          "total": 6
        },
        "failed_to_score": {
          "home": 1,
          "away": 1,
          "total": 2
        },
        "penalty": {
          "scored": {
            "total": 0,
            "percentage": "0%"
          },
          "missed": {
            "total": 0,
            "percentage": "0%"
          },
          "total": 0
        },
        "lineups": [],
        "cards": {
          "yellow": {
            "0-15": {
              "total": null,
              "percentage": null
            },
            "16-30": {
              "total": null,
              "percentage": null
            },
            "31-45": {
              "total": null,
              "percentage": null
            },
            "46-60": {
              "total": null,
              "percentage": null
            },
            "61-75": {
              "total": null,
              "percentage": null
            },
            "76-90": {
              "total": null,
              "percentage": null
            },
            "91-105": {
              "total": null,
              "percentage": null
            },
            "106-120": {
              "total": null,
              "percentage": null
            }
          },
          "red": {
            "0-15": {
              "total": null,
              "percentage": null
            },
            "16-30": {
              "total": null,
              "percentage": null
            },
            "31-45": {
              "total": null,
              "percentage": null
            },
            "46-60": {
              "total": null,
              "percentage": null
            },
            "61-75": {
              "total": null,
              "percentage": null
            },
            "76-90": {
              "total": null,
              "percentage": null
            },
            "91-105": {
              "total": null,
              "percentage": null
            },
            "106-120": {
              "total": null,
              "percentage": null
            }
          }
        }
      }
    },
    "away": {
      "id": 21879,
      "name": "Noah II",
      "logo": "https://media.api-sports.io/football/teams/21879.png",
      "last_5": {
        "played": 5,
        "form": "27%",
        "att": "44%",
        "def": "17%",
        "goals": {
          "for": {
            "total": 8,
            "average": "1.6"
          },
          "against": {
            "total": 15,
            "average": "3.0"
          }
        }
      },
      "league": {
        "form": "DLDLWLDL",
        "fixtures": {
          "played": {
            "home": 5,
            "away": 3,
            "total": 8
          },
          "wins": {
            "home": 1,
            "away": 0,
            "total": 1
          },
          "draws": {
            "home": 2,
            "away": 1,
            "total": 3
          },
          "loses": {
            "home": 2,
            "away": 2,
            "total": 4
          }
        },
        "goals": {
          "for": {
            "total": {
              "home": 6,
              "away": 3,
              "total": 9
            },
            "average": {
              "home": "1.2",
              "away": "1.0",
              "total": "1.1"
            },
            "minute": {
              "0-15": {
                "total": null,
                "percentage": null
              },
              "16-30": {
                "total": null,
                "percentage": null
              },
              "31-45": {
                "total": null,
                "percentage": null
              },
              "46-60": {
                "total": null,
                "percentage": null
              },
              "61-75": {
                "total": null,
                "percentage": null
              },
              "76-90": {
                "total": null,
                "percentage": null
              },
              "91-105": {
                "total": null,
                "percentage": null
              },
              "106-120": {
                "total": null,
                "percentage": null
              }
            },
            "under_over": {
              "0.5": {
                "over": 3,
                "under": 5
              },
              "1.5": {
                "over": 2,
                "under": 6
              },
              "2.5": {
                "over": 2,
                "under": 6
              },
              "3.5": {
                "over": 1,
                "under": 7
              },
              "4.5": {
                "over": 1,
                "under": 7
              }
            }
          },
          "against": {
            "total": {
              "home": 7,
              "away": 11,
              "total": 18
            },
            "average": {
              "home": "1.4",
              "away": "3.7",
              "total": "2.3"
            },
            "minute": {
              "0-15": {
                "total": null,
                "percentage": null
              },
              "16-30": {
                "total": null,
                "percentage": null
              },
              "31-45": {
                "total": null,
                "percentage": null
              },
              "46-60": {
                "total": null,
                "percentage": null
              },
              "61-75": {
                "total": null,
                "percentage": null
              },
              "76-90": {
                "total": null,
                "percentage": null
              },
              "91-105": {
                "total": null,
                "percentage": null
              },
              "106-120": {
                "total": null,
                "percentage": null
              }
            },
            "under_over": {
              "0.5": {
                "over": 7,
                "under": 1
              },
              "1.5": {
                "over": 5,
                "under": 3
              },
              "2.5": {
                "over": 3,
                "under": 5
              },
              "3.5": {
                "over": 1,
                "under": 7
              },
              "4.5": {
                "over": 1,
                "under": 7
              }
            }
          }
        },
        "biggest": {
          "streak": {
            "wins": 1,
            "draws": 1,
            "loses": 1
          },
          "wins": {
            "home": "5-3",
            "away": null
          },
          "loses": {
            "home": "0-2",
            "away": "6-0"
          },
          "goals": {
            "for": {
              "home": 5,
              "away": 3
            },
            "against": {
              "home": 3,
              "away": 6
            }
          }
        },
        "clean_sheet": {
          "home": 1,
          "away": 0,
          "total": 1
        },
        "failed_to_score": {
          "home": 3,
          "away": 2,
          "total": 5
        },
        "penalty": {
          "scored": {
            "total": 0,
            "percentage": "0%"
          },
          "missed": {
            "total": 0,
            "percentage": "0%"
          },
          "total": 0
        },
        "lineups": [],
        "cards": {
          "yellow": {
            "0-15": {
              "total": null,
              "percentage": null
            },
            "16-30": {
              "total": null,
              "percentage": null
            },
            "31-45": {
              "total": null,
              "percentage": null
            },
            "46-60": {
              "total": null,
              "percentage": null
            },
            "61-75": {
              "total": null,
              "percentage": null
            },
            "76-90": {
              "total": null,
              "percentage": null
            },
            "91-105": {
              "total": null,
              "percentage": null
            },
            "106-120": {
              "total": null,
              "percentage": null
            }
          },
          "red": {
            "0-15": {
              "total": null,
              "percentage": null
            },
            "16-30": {
              "total": null,
              "percentage": null
            },
            "31-45": {
              "total": null,
              "percentage": null
            },
            "46-60": {
              "total": null,
              "percentage": null
            },
            "61-75": {
              "total": null,
              "percentage": null
            },
            "76-90": {
              "total": null,
              "percentage": null
            },
            "91-105": {
              "total": null,
              "percentage": null
            },
            "106-120": {
              "total": null,
              "percentage": null
            }
          }
        }
      }
    }
  },
  "comparison": {
    "form": {
      "home": "71%",
      "away": "29%"
    },
    "att": {
      "home": "62%",
      "away": "38%"
    },
    "def": {
      "home": "94%",
      "away": "6%"
    },
    "poisson_distribution": {
      "home": "97%",
      "away": "3%"
    },
    "h2h": {
      "home": "100%",
      "away": "0%"
    },
    "goals": {
      "home": "88%",
      "away": "13%"
    },
    "total": {
      "home": "82.4%",
      "away": "17.8%"
    }
  },
  "h2h": [
    {
      "fixture": {
        "id": 1354371,
        "referee": null,
        "timezone": "UTC",
        "date": "2025-03-11T11:00:00+00:00",
        "timestamp": 1741690800,
        "periods": {
          "first": 1741690800,
          "second": 1741694400
        },
        "venue": {
          "id": 19103,
          "name": "Gandzasar Stadium",
          "city": "Kapan"
        },
        "status": {
          "long": "Match Finished",
          "short": "FT",
          "elapsed": 90,
          "extra": 8
        }
      },
      "league": {
        "id": 343,
        "name": "First League",
        "country": "Armenia",
        "logo": "https://media.api-sports.io/football/leagues/343.png",
        "flag": "https://media.api-sports.io/flags/am.svg",
        "season": 2024,
        "round": "Regular Season - 15",
        "standings": true
      },
      "teams": {
        "home": {
          "id": 20087,
          "name": "Syunik",
          "logo": "https://media.api-sports.io/football/teams/20087.png",
          "winner": true
        },
        "away": {
          "id": 21879,
          "name": "Noah II",
          "logo": "https://media.api-sports.io/football/teams/21879.png",
          "winner": false
        }
      },
      "goals": {
        "home": 2,
        "away": 1
      },
      "score": {
        "halftime": {
          "home": 0,
          "away": 0
        },
        "fulltime": {
          "home": 2,
          "away": 1
        },
        "extratime": {
          "home": null,
          "away": null
        },
        "penalty": {
          "home": null,
          "away": null
        }
      }
    },
    {
      "fixture": {
        "id": 1275137,
        "referee": null,
        "timezone": "UTC",
        "date": "2024-08-14T13:00:00+00:00",
        "timestamp": 1723640400,
        "periods": {
          "first": 1723640400,
          "second": 1723644000
        },
        "venue": {
          "id": null,
          "name": "Fut Akademia",
          "city": "Ejmiatsin"
        },
        "status": {
          "long": "Match Finished",
          "short": "FT",
          "elapsed": 90,
          "extra": null
        }
      },
      "league": {
        "id": 343,
        "name": "First League",
        "country": "Armenia",
        "logo": "https://media.api-sports.io/football/leagues/343.png",
        "flag": "https://media.api-sports.io/flags/am.svg",
        "season": 2024,
        "round": "Regular Season - 2",
        "standings": true
      },
      "teams": {
        "home": {
          "id": 21879,
          "name": "Noah II",
          "logo": "https://media.api-sports.io/football/teams/21879.png",
          "winner": false
        },
        "away": {
          "id": 20087,
          "name": "Syunik",
          "logo": "https://media.api-sports.io/football/teams/20087.png",
          "winner": true
        }
      },
      "goals": {
        "home": 0,
        "away": 1
      },
      "score": {
        "halftime": {
          "home": 0,
          "away": 1
        },
        "fulltime": {
          "home": 0,
          "away": 1
        },
        "extratime": {
          "home": null,
          "away": null
        },
        "penalty": {
          "home": null,
          "away": null
        }
      }
    },
    {
      "fixture": {
        "id": 1083002,
        "referee": null,
        "timezone": "UTC",
        "date": "2024-03-17T11:00:00+00:00",
        "timestamp": 1710673200,
        "periods": {
          "first": 1710673200,
          "second": 1710676800
        },
        "venue": {
          "id": 19103,
          "name": "Gandzasar Stadium",
          "city": "Kapan"
        },
        "status": {
          "long": "Match Finished",
          "short": "FT",
          "elapsed": 90,
          "extra": null
        }
      },
      "league": {
        "id": 343,
        "name": "First League",
        "country": "Armenia",
        "logo": "https://media.api-sports.io/football/leagues/343.png",
        "flag": "https://media.api-sports.io/flags/am.svg",
        "season": 2023,
        "round": "Regular Season - 20",
        "standings": true
      },
      "teams": {
        "home": {
          "id": 20087,
          "name": "Syunik",
          "logo": "https://media.api-sports.io/football/teams/20087.png",
          "winner": true
        },
        "away": {
          "id": 21879,
          "name": "Noah II",
          "logo": "https://media.api-sports.io/football/teams/21879.png",
          "winner": false
        }
      },
      "goals": {
        "home": 2,
        "away": 0
      },
      "score": {
        "halftime": {
          "home": 0,
          "away": 0
        },
        "fulltime": {
          "home": 2,
          "away": 0
        },
        "extratime": {
          "home": null,
          "away": null
        },
        "penalty": {
          "home": null,
          "away": null
        }
      }
    },
    {
      "fixture": {
        "id": 1082897,
        "referee": null,
        "timezone": "UTC",
        "date": "2023-08-26T13:00:00+00:00",
        "timestamp": 1693054800,
        "periods": {
          "first": 1693054800,
          "second": 1693058400
        },
        "venue": {
          "id": null,
          "name": "Fut Akademia",
          "city": "Ejmiatsin"
        },
        "status": {
          "long": "Match Finished",
          "short": "FT",
          "elapsed": 90,
          "extra": null
        }
      },
      "league": {
        "id": 343,
        "name": "First League",
        "country": "Armenia",
        "logo": "https://media.api-sports.io/football/leagues/343.png",
        "flag": "https://media.api-sports.io/flags/am.svg",
        "season": 2023,
        "round": "Regular Season - 5",
        "standings": true
      },
      "teams": {
        "home": {
          "id": 21879,
          "name": "Noah II",
          "logo": "https://media.api-sports.io/football/teams/21879.png",
          "winner": false
        },
        "away": {
          "id": 20087,
          "name": "Syunik",
          "logo": "https://media.api-sports.io/football/teams/20087.png",
          "winner": true
        }
      },
      "goals": {
        "home": 0,
        "away": 2
      },
      "score": {
        "halftime": {
          "home": 0,
          "away": 0
        },
        "fulltime": {
          "home": 0,
          "away": 2
        },
        "extratime": {
          "home": null,
          "away": null
        },
        "penalty": {
          "home": null,
          "away": null
        }
      }
    }
  ]
}