{
  "date": "2025-10-07",
  "tz": "Europe/Berlin",
  "top": [
    {
      "fixture_id": 1444546,
      "date_utc": "2025-10-07T18:00:00+00:00",
      "league_name": "EFL Trophy",
      "country": "England",
      "home": "Rotherham",
      "away": "Oldham",
      "favorit_score": 64.6,
      "over_score": 98,
      "form_score": 35.0,
      "value_score": 0.0,
      "best_value": "",
      "predicted_winner": "Rotherham",
      "advice": "Double chance : Rotherham or draw",
      "total_score": 63.8,
      "category": "Balanced"
    },
    {
      "fixture_id": 1480034,
      "date_utc": "2025-10-07T11:30:00+00:00",
      "league_name": "First League",
      "country": "Armenia",
      "home": "Syunik",
      "away": "Noah II",
      "favorit_score": 64.6,
      "over_score": 94.0,
      "form_score": 35.0,
      "value_score": 0.0,
      "best_value": "",
      "predicted_winner": "Syunik",
      "advice": "Combo Winner : Syunik and +1.5 goals",
      "total_score": 62.2,
      "category": "Balanced"
    },
    {
      "fixture_id": 1444597,
      "date_utc": "2025-10-07T18:00:00+00:00",
      "league_name": "EFL Trophy",
      "country": "England",
      "home": "Cambridge United",
      "away": "Luton",
      "favorit_score": 87.0,
      "over_score": 69.0,
      "form_score": 35.0,
      "value_score": 0.0,
      "best_value": "",
      "predicted_winner": "Luton",
      "advice": "Winner : Luton",
      "total_score": 59.0,
      "category": "Balanced"
    },
    {
      "fixture_id": 1457231,
      "date_utc": "2025-10-07T18:45:00+00:00",
      "league_name": "League Cup",
      "country": "Northern-Ireland",
      "home": "Moyola Park",
      "away": "Annagh United",
      "favorit_score": 45.0,
      "over_score": 100,
      "form_score": 35.0,
      "value_score": 0.0,
      "best_value": "",
      "predicted_winner": "Annagh United",
      "advice": "Combo Double chance : draw or Annagh United and +1.5 goals",
      "total_score": 58.8,
      "category": "Balanced"
    },
    {
      "fixture_id": 1442632,
      "date_utc": "2025-10-07T18:45:00+00:00",
      "league_name": "Non League Div One - Isthmian South Central",
      "country": "England",
      "home": "Bognor Regis Town",
      "away": "Hayes & Yeading United",
      "favorit_score": 45.5,
      "over_score": 98,
      "form_score": 35.5,
      "value_score": 0.0,
      "best_value": "",
      "predicted_winner": "Hayes & Yeading United",
      "advice": "Double chance : draw or Hayes & Yeading United",
      "total_score": 58.2,
      "category": "Balanced"
    },
    {
      "fixture_id": 1467571,
      "date_utc": "2025-10-07T00:30:00+00:00",
      "league_name": "Premier League",
      "country": "Jamaica",
      "home": "Arnett Gardens",
      "away": "Treasure Beach",
      "favorit_score": 42.4,
      "over_score": 100,
      "form_score": 35.0,
      "value_score": 0.0,
      "best_value": "",
      "predicted_winner": "Arnett Gardens",
      "advice": "Combo Double chance : Arnett Gardens or draw and +1.5 goals",
      "total_score": 58.0,
      "category": "Balanced"
    },
    {
      "fixture_id": 1444594,
      "date_utc": "2025-10-07T18:00:00+00:00",
      "league_name": "EFL Trophy",
      "country": "England",
      "home": "Stevenage",
      "away": "Bromley",
      "favorit_score": 41.7,
      "over_score": 100,
      "form_score": 35.5,
      "value_score": 0.0,
      "best_value": "",
      "predicted_winner": "Stevenage",
      "advice": "Combo Winner : Stevenage and +2.5 goals",
      "total_score": 57.8,
      "category": "Balanced"
    },
    {
      "fixture_id": 1402139,
      "date_utc": "2025-10-07T18:45:00+00:00",
      "league_name": "National League - North",
      "country": "England",
      "home": "AFC Fylde",
      "away": "Leamington",
      "favorit_score": 40.0,
      "over_score": 89.9,
      "form_score": 35.0,
      "value_score": 27.8,
      "best_value": "Draw@4.50",
      "predicted_winner": "AFC Fylde",
      "advice": "Winner : AFC Fylde",
      "total_score": 57.4,
      "category": "Balanced"
    },
    {
      "fixture_id": 1444550,
      "date_utc": "2025-10-07T18:45:00+00:00",
      "league_name": "EFL Trophy",
      "country": "England",
      "home": "Accrington ST",
      "away": "Port Vale",
      "favorit_score": 30.8,
      "over_score": 100,
      "form_score": 35.0,
      "value_score": 17.6,
      "best_value": "Draw@3.65",
      "predicted_winner": "Port Vale",
      "advice": "Combo Winner : Port Vale and +1.5 goals",
      "total_score": 57.1,
      "category": "Balanced"
    },
    {
      "fixture_id": 1444544,
      "date_utc": "2025-10-07T18:00:00+00:00",
      "league_name": "EFL Trophy",
      "country": "England",
      "home": "Salford City",
      "away": "Stockport County",
      "favorit_score": 29.0,
      "over_score": 100,
      "form_score": 35.0,
      "value_score": 16.4,
      "best_value": "Draw@3.50",
      "predicted_winner": "Stockport County",
      "advice": "Combo Winner : Stockport County and +2.5 goals",
      "total_score": 56.4,
      "category": "Balanced"
    }
  ],
  "all": [
    {
      "fixture_id": 1444546,
      "date_utc": "2025-10-07T18:00:00+00:00",
      "league_name": "EFL Trophy",
      "country": "England",
      "home": "Rotherham",
      "away": "Oldham",
      "favorit_score": 64.6,
      "over_score": 98,
      "form_score": 35.0,
      "value_score": 0.0,
      "best_value": "",
      "predicted_winner": "Rotherham",
      "advice": "Double chance : Rotherham or draw",
      "total_score": 63.8,
      "category": "Balanced"
    },
    {
      "fixture_id": 1480034,
      "date_utc": "2025-10-07T11:30:00+00:00",
      "league_name": "First League",
      "country": "Armenia",
      "home": "Syunik",
      "away": "Noah II",
      "favorit_score": 64.6,
      "over_score": 94.0,
      "form_score": 35.0,
      "value_score": 0.0,
      "best_value": "",
      "predicted_winner": "Syunik",
      "advice": "Combo Winner : Syunik and +1.5 goals",
      "total_score": 62.2,
      "category": "Balanced"
    },
    {
      "fixture_id": 1444597,
      "date_utc": "2025-10-07T18:00:00+00:00",
      "league_name": "EFL Trophy",
      "country": "England",
      "home": "Cambridge United",
      "away": "Luton",
      "favorit_score": 87.0,
      "over_score": 69.0,
      "form_score": 35.0,
      "value_score": 0.0,
      "best_value": "",
      "predicted_winner": "Luton",
      "advice": "Winner : Luton",
      "total_score": 59.0,
      "category": "Balanced"
    },
    {
      "fixture_id": 1457231,
      "date_utc": "2025-10-07T18:45:00+00:00",
      "league_name": "League Cup",
      "country": "Northern-Ireland",
      "home": "Moyola Park",
      "away": "Annagh United",
      "favorit_score": 45.0,
      "over_score": 100,
      "form_score": 35.0,
      "value_score": 0.0,
      "best_value": "",
      "predicted_winner": "Annagh United",
      "advice": "Combo Double chance : draw or Annagh United and +1.5 goals",
      "total_score": 58.8,
      "category": "Balanced"
    },
    {
      "fixture_id": 1442632,
      "date_utc": "2025-10-07T18:45:00+00:00",
      "league_name": "Non League Div One - Isthmian South Central",
      "country": "England",
      "home": "Bognor Regis Town",
      "away": "Hayes & Yeading United",
      "favorit_score": 45.5,
      "over_score": 98,
      "form_score": 35.5,
      "value_score": 0.0,
      "best_value": "",
      "predicted_winner": "Hayes & Yeading United",
      "advice": "Double chance : draw or Hayes & Yeading United",
      "total_score": 58.2,
      "category": "Balanced"
    },
    {
      "fixture_id": 1467571,
      "date_utc": "2025-10-07T00:30:00+00:00",
      "league_name": "Premier League",
      "country": "Jamaica",
      "home": "Arnett Gardens",
      "away": "Treasure Beach",
      "favorit_score": 42.4,
      "over_score": 100,
      "form_score": 35.0,
      "value_score": 0.0,
      "best_value": "",
      "predicted_winner": "Arnett Gardens",
      "advice": "Combo Double chance : Arnett Gardens or draw and +1.5 goals",
      "total_score": 58.0,
      "category": "Balanced"
    },
    {
      "fixture_id": 1444594,
      "date_utc": "2025-10-07T18:00:00+00:00",
      "league_name": "EFL Trophy",
      "country": "England",
      "home": "Stevenage",
      "away": "Bromley",
      "favorit_score": 41.7,
      "over_score": 100,
      "form_score": 35.5,
      "value_score": 0.0,
      "best_value": "",
      "predicted_winner": "Stevenage",
      "advice": "Combo Winner : Stevenage and +2.5 goals",
      "total_score": 57.8,
      "category": "Balanced"
    },
    {
      "fixture_id": 1402139,
      "date_utc": "2025-10-07T18:45:00+00:00",
      "league_name": "National League - North",
      "country": "England",
      "home": "AFC Fylde",
      "away": "Leamington",
      "favorit_score": 40.0,
      "over_score": 89.9,
      "form_score": 35.0,
      "value_score": 27.8,
      "best_value": "Draw@4.50",
      "predicted_winner": "AFC Fylde",
      "advice": "Winner : AFC Fylde",
      "total_score": 57.4,
      "category": "Balanced"
    },
    {
      "fixture_id": 1444550,
      "date_utc": "2025-10-07T18:45:00+00:00",
      "league_name": "EFL Trophy",
      "country": "England",
      "home": "Accrington ST",
      "away": "Port Vale",
      "favorit_score": 30.8,
      "over_score": 100,
      "form_score": 35.0,
      "value_score": 17.6,
      "best_value": "Draw@3.65",
      "predicted_winner": "Port Vale",
      "advice": "Combo Winner : Port Vale and +1.5 goals",
      "total_score": 57.1,
      "category": "Balanced"
    },
    {
      "fixture_id": 1444544,
      "date_utc": "2025-10-07T18:00:00+00:00",
      "league_name": "EFL Trophy",
      "country": "England",
      "home": "Salford City",
      "away": "Stockport County",
      "favorit_score": 29.0,
      "over_score": 100,
      "form_score": 35.0,
      "value_score": 16.4,
      "best_value": "Draw@3.50",
      "predicted_winner": "Stockport County",
      "advice": "Combo Winner : Stockport County and +2.5 goals",
      "total_score": 56.4,
      "category": "Balanced"
    },
    {
      "fixture_id": 1444547,
      "date_utc": "2025-10-07T18:00:00+00:00",
      "league_name": "EFL Trophy",
      "country": "England",
      "home": "Fleetwood Town",
      "away": "Leeds United U21",
      "favorit_score": 36.6,
      "over_score": 100,
      "form_score": 35.0,
      "value_score": 0.0,
      "best_value": "",
      "predicted_winner": "Fleetwood Town",
      "advice": "Combo Double chance : Fleetwood Town or draw and +1.5 goals",
      "total_score": 56.2,
      "category": "Balanced"
    },
    {
      "fixture_id": 1401082,
      "date_utc": "2025-10-07T18:45:00+00:00",
      "league_name": "Premier League",
      "country": "Wales",
      "home": "llanelli AFC",
      "away": "Cardiff MET",
      "favorit_score": 38.4,
      "over_score": 98,
      "form_score": 35.0,
      "value_score": 0.0,
      "best_value": "",
      "predicted_winner": "Cardiff MET",
      "advice": "Double chance : draw or Cardiff MET",
      "total_score": 56.0,
      "category": "Balanced"
    },
    {
      "fixture_id": 1476068,
      "date_utc": "2025-10-07T18:45:00+00:00",
      "league_name": "Non League Div One - Northern East",
      "country": "England",
      "home": "Newton Aycliffe",
      "away": "Redcar Athletic",
      "favorit_score": 36.0,
      "over_score": 100,
      "form_score": 35.0,
      "value_score": 0.0,
      "best_value": "",
      "predicted_winner": "Redcar Athletic",
      "advice": "Combo Winner : Redcar Athletic and +1.5 goals",
      "total_score": 56.0,
      "category": "Balanced"
    },
    {
      "fixture_id": 1412548,
      "date_utc": "2025-10-07T09:00:00+00:00",
      "league_name": "Druha Liga",
      "country": "Ukraine",
      "home": "Chayka",
      "away": "Penuel",
      "favorit_score": 51.0,
      "over_score": 88.0,
      "form_score": 35.0,
      "value_score": 0.0,
      "best_value": "",
      "predicted_winner": "Chayka",
      "advice": "Winner : Chayka",
      "total_score": 55.8,
      "category": "Balanced"
    },
    {
      "fixture_id": 1457097,
      "date_utc": "2025-10-07T21:00:00+00:00",
      "league_name": "Liga Premier Serie A",
      "country": "Mexico",
      "home": "Cañoneros Marina",
      "away": "Deportiva Venados",
      "favorit_score": 37.5,
      "over_score": 98,
      "form_score": 35.0,
      "value_score": 0.0,
      "best_value": "",
      "predicted_winner": "Deportiva Venados",
      "advice": "Double chance : draw or Deportiva Venados",
      "total_score": 55.7,
      "category": "Balanced"
    },
    {
      "fixture_id": 1444060,
      "date_utc": "2025-10-07T18:45:00+00:00",
      "league_name": "Non League Div One - Isthmian South East",
      "country": "England",
      "home": "Broadbridge Heath",
      "away": "East Grinstead Town",
      "favorit_score": 45.4,
      "over_score": 91.8,
      "form_score": 35.0,
      "value_score": 0.0,
      "best_value": "",
      "predicted_winner": "Broadbridge Heath",
      "advice": "Winner : Broadbridge Heath",
      "total_score": 55.6,
      "category": "Balanced"
    },
    {
      "fixture_id": 1457233,
      "date_utc": "2025-10-07T18:45:00+00:00",
      "league_name": "League Cup",
      "country": "Northern-Ireland",
      "home": "Crusaders FC",
      "away": "Ballymacash Rangers",
      "favorit_score": 50.0,
      "over_score": 88.0,
      "form_score": 35.0,
      "value_score": 0.0,
      "best_value": "",
      "predicted_winner": "Ballymacash Rangers",
      "advice": "Winner : Ballymacash Rangers",
      "total_score": 55.5,
      "category": "Balanced"
    },
    {
      "fixture_id": 1403991,
      "date_utc": "2025-10-07T01:30:00+00:00",
      "league_name": "Primera Division",
      "country": "El-Salvador",
      "home": "Hércules",
      "away": "Municipal Limeño",
      "favorit_score": 35.5,
      "over_score": 98,
      "form_score": 35.0,
      "value_score": 0.0,
      "best_value": "",
      "predicted_winner": "Municipal Limeño",
      "advice": "Double chance : draw or Municipal Limeño",
      "total_score": 55.1,
      "category": "Balanced"
    },
    {
      "fixture_id": 1444032,
      "date_utc": "2025-10-07T18:45:00+00:00",
      "league_name": "Non League Div One - Isthmian South East",
      "country": "England",
      "home": "Sittingbourne",
      "away": "Ashford United",
      "favorit_score": 35.4,
      "over_score": 97.5,
      "form_score": 35.0,
      "value_score": 0.0,
      "best_value": "",
      "predicted_winner": "Sittingbourne",
      "advice": "Winner : Sittingbourne",
      "total_score": 54.9,
      "category": "Balanced"
    },
    {
      "fixture_id": 1443633,
      "date_utc": "2025-10-07T18:45:00+00:00",
      "league_name": "Non League Div One - Northern Midlands",
      "country": "England",
      "home": "Bedworth United",
      "away": "Sutton Coldfield Town",
      "favorit_score": 50.2,
      "over_score": 86.1,
      "form_score": 35.0,
      "value_score": 0.0,
      "best_value": "",
      "predicted_winner": "Sutton Coldfield Town",
      "advice": "Double chance : draw or Sutton Coldfield Town",
      "total_score": 54.8,
      "category": "Balanced"
    },
    {
      "fixture_id": 1476070,
      "date_utc": "2025-10-07T18:45:00+00:00",
      "league_name": "Non League Div One - Northern East",
      "country": "England",
      "home": "Matlock Town",
      "away": "Hallam",
      "favorit_score": 29.0,
      "over_score": 100,
      "form_score": 35.0,
      "value_score": 0.0,
      "best_value": "",
      "predicted_winner": "Matlock Town",
      "advice": "Combo Winner : Matlock Town and +1.5 goals",
      "total_score": 54.0,
      "category": "Balanced"
    },
    {
      "fixture_id": 1397800,
      "date_utc": "2025-10-07T17:00:00+00:00",
      "league_name": "Regionalliga - Mitte",
      "country": "Austria",
      "home": "Weiz",
      "away": "Voitsberg",
      "favorit_score": 27.0,
      "over_score": 100,
      "form_score": 35.0,
      "value_score": 0.0,
      "best_value": "",
      "predicted_winner": "Voitsberg",
      "advice": "Combo Double chance : draw or Voitsberg and +2.5 goals",
      "total_score": 53.4,
      "category": "Balanced"
    },
    {
      "fixture_id": 1480035,
      "date_utc": "2025-10-07T11:30:00+00:00",
      "league_name": "First League",
      "country": "Armenia",
      "home": "Mika",
      "away": "Ararat II",
      "favorit_score": 30.0,
      "over_score": 97.5,
      "form_score": 35.0,
      "value_score": 0.0,
      "best_value": "",
      "predicted_winner": "Ararat II",
      "advice": "Winner : Ararat II",
      "total_score": 53.2,
      "category": "Balanced"
    },
    {
      "fixture_id": 1444545,
      "date_utc": "2025-10-07T18:00:00+00:00",
      "league_name": "EFL Trophy",
      "country": "England",
      "home": "Grimsby",
      "away": "Doncaster",
      "favorit_score": 31.5,
      "over_score": 88.0,
      "form_score": 35.0,
      "value_score": 20.6,
      "best_value": "Draw@3.40",
      "predicted_winner": "Doncaster",
      "advice": "Double chance : draw or Doncaster",
      "total_score": 53.0,
      "category": "Balanced"
    },
    {
      "fixture_id": 1444595,
      "date_utc": "2025-10-07T18:00:00+00:00",
      "league_name": "EFL Trophy",
      "country": "England",
      "home": "Leyton Orient",
      "away": "Crawley Town",
      "favorit_score": 25.5,
      "over_score": 100,
      "form_score": 35.0,
      "value_score": 0.0,
      "best_value": "",
      "predicted_winner": "Leyton Orient",
      "advice": "Combo Double chance : Leyton Orient or draw and +2.5 goals",
      "total_score": 52.9,
      "category": "Balanced"
    },
    {
      "fixture_id": 1443084,
      "date_utc": "2025-10-07T18:45:00+00:00",
      "league_name": "Non League Div One - Isthmian North",
      "country": "England",
      "home": "Mildenhall Town",
      "away": "Maldon & Tiptree",
      "favorit_score": 28.0,
      "over_score": 98,
      "form_score": 35.0,
      "value_score": 0.0,
      "best_value": "",
      "predicted_winner": "Mildenhall Town",
      "advice": "Double chance : Mildenhall Town or draw",
      "total_score": 52.9,
      "category": "Balanced"
    },
    {
      "fixture_id": 1328911,
      "date_utc": "2025-10-07T16:30:00+00:00",
      "league_name": "3. Division - Girone 1",
      "country": "Norway",
      "home": "Ullern",
      "away": "Frigg",
      "favorit_score": 25.0,
      "over_score": 100,
      "form_score": 35.0,
      "value_score": 0.0,
      "best_value": "",
      "predicted_winner": "Frigg",
      "advice": "Combo Double chance : draw or Frigg and +1.5 goals",
      "total_score": 52.8,
      "category": "Balanced"
    },
    {
      "fixture_id": 1480036,
      "date_utc": "2025-10-07T11:30:00+00:00",
      "league_name": "First League",
      "country": "Armenia",
      "home": "Hayq",
      "away": "Pyunik II",
      "favorit_score": 45.0,
      "over_score": 84.2,
      "form_score": 35.0,
      "value_score": 0.0,
      "best_value": "",
      "predicted_winner": "Hayq",
      "advice": "Double chance : Hayq or draw",
      "total_score": 52.4,
      "category": "Balanced"
    },
    {
      "fixture_id": 1380839,
      "date_utc": "2025-10-07T02:00:00+00:00",
      "league_name": "Liga MX Femenil",
      "country": "Mexico",
      "home": "Monterrey W",
      "away": "América W",
      "favorit_score": 13.6,
      "over_score": 100,
      "form_score": 35.0,
      "value_score": 20.0,
      "best_value": "Draw@4.00",
      "predicted_winner": "América W",
      "advice": "Combo Double chance : draw or América W and +1.5 goals",
      "total_score": 52.3,
      "category": "Balanced"
    },
    {
      "fixture_id": 1339406,
      "date_utc": "2025-10-07T02:30:00+00:00",
      "league_name": "NWSL Women",
      "country": "USA",
      "home": "Angel City W",
      "away": "Kansas City W",
      "favorit_score": 41.8,
      "over_score": 76.6,
      "form_score": 35.5,
      "value_score": 23.0,
      "best_value": "Draw@3.70",
      "predicted_winner": "Kansas City W",
      "advice": "Winner : Kansas City W",
      "total_score": 52.0,
      "category": "Balanced"
    },
    {
      "fixture_id": 1479810,
      "date_utc": "2025-10-07T12:30:00+00:00",
      "league_name": "UEFA U17 Championship - Qualification",
      "country": "World",
      "home": "Estonia U17",
      "away": "Montenegro U17",
      "favorit_score": 22.0,
      "over_score": 100,
      "form_score": 35.0,
      "value_score": 0.0,
      "best_value": "",
      "predicted_winner": "Montenegro U17",
      "advice": "Combo Double chance : draw or Montenegro U17 and +1.5 goals",
      "total_score": 51.9,
      "category": "Balanced"
    },
    {
      "fixture_id": 1444593,
      "date_utc": "2025-10-07T18:00:00+00:00",
      "league_name": "EFL Trophy",
      "country": "England",
      "home": "Reading",
      "away": "Milton Keynes Dons",
      "favorit_score": 19.5,
      "over_score": 100,
      "form_score": 35.0,
      "value_score": 0.0,
      "best_value": "",
      "predicted_winner": "Reading",
      "advice": "Combo Winner : Reading and +2.5 goals",
      "total_score": 51.1,
      "category": "Balanced"
    },
    {
      "fixture_id": 1401079,
      "date_utc": "2025-10-07T18:45:00+00:00",
      "league_name": "Premier League",
      "country": "Wales",
      "home": "Barry Town",
      "away": "Briton Ferry",
      "favorit_score": 35.6,
      "over_score": 86.1,
      "form_score": 35.0,
      "value_score": 0.0,
      "best_value": "",
      "predicted_winner": "Barry Town",
      "advice": "Double chance : Barry Town or draw",
      "total_score": 50.4,
      "category": "Balanced"
    },
    {
      "fixture_id": 1474932,
      "date_utc": "2025-10-07T22:00:00+00:00",
      "league_name": "Copa Paraguay",
      "country": "Paraguay",
      "home": "Cerro Porteno",
      "away": "SOL DE America",
      "favorit_score": 3.0,
      "over_score": 100,
      "form_score": 50.0,
      "value_score": 13.3,
      "best_value": "Away@6.00",
      "predicted_winner": "Cerro Porteno",
      "advice": "Combo Double chance : Cerro Porteno or draw and +3.5 goals",
      "total_score": 50.4,
      "category": "Over-Spiel"
    },
    {
      "fixture_id": 1444596,
      "date_utc": "2025-10-07T18:00:00+00:00",
      "league_name": "EFL Trophy",
      "country": "England",
      "home": "Wycombe",
      "away": "Fulham U21",
      "favorit_score": 17.6,
      "over_score": 98,
      "form_score": 35.0,
      "value_score": 0.0,
      "best_value": "",
      "predicted_winner": "Wycombe",
      "advice": "Double chance : Wycombe or draw",
      "total_score": 49.7,
      "category": "Balanced"
    },
    {
      "fixture_id": 1433963,
      "date_utc": "2025-10-07T12:00:00+00:00",
      "league_name": "Professional Development League",
      "country": "England",
      "home": "Coventry City U21",
      "away": "Hull City U21",
      "favorit_score": 6.4,
      "over_score": 98,
      "form_score": 35.0,
      "value_score": 21.2,
      "best_value": "Draw@4.20",
      "predicted_winner": "Coventry City U21",
      "advice": "Double chance : Coventry City U21 or draw",
      "total_score": 49.6,
      "category": "Balanced"
    },
    {
      "fixture_id": 1453377,
      "date_utc": "2025-10-07T22:00:00+00:00",
      "league_name": "Copa Santa Catarina",
      "country": "Brazil",
      "home": "Barra",
      "away": "Avai",
      "favorit_score": 8.5,
      "over_score": 98,
      "form_score": 35.0,
      "value_score": 16.4,
      "best_value": "Draw@3.50",
      "predicted_winner": "Avai",
      "advice": "Double chance : draw or Avai",
      "total_score": 49.5,
      "category": "Balanced"
    },
    {
      "fixture_id": 1405437,
      "date_utc": "2025-10-07T01:30:00+00:00",
      "league_name": "Liga Panameña de Fútbol",
      "country": "Panama",
      "home": "SD Atletico Nacional",
      "away": "Alianza FC",
      "favorit_score": 32.0,
      "over_score": 86.1,
      "form_score": 35.0,
      "value_score": 0.0,
      "best_value": "",
      "predicted_winner": "Alianza FC",
      "advice": "Double chance : draw or Alianza FC",
      "total_score": 49.3,
      "category": "Balanced"
    },
    {
      "fixture_id": 1472362,
      "date_utc": "2025-10-07T23:00:00+00:00",
      "league_name": "Copa de la División Profesional",
      "country": "Bolivia",
      "home": "Nacional Potosí",
      "away": "Universitario de Vinto",
      "favorit_score": 17.4,
      "over_score": 88.0,
      "form_score": 35.0,
      "value_score": 22.8,
      "best_value": "Draw@4.50",
      "predicted_winner": "Nacional Potosí",
      "advice": "Double chance : Nacional Potosí or draw",
      "total_score": 49.1,
      "category": "Balanced"
    },
    {
      "fixture_id": 1473052,
      "date_utc": "2025-10-07T18:45:00+00:00",
      "league_name": "Non League Div One - Northern West",
      "country": "England",
      "home": "Runcorn Linnets",
      "away": "Lower Breck",
      "favorit_score": 12.0,
      "over_score": 100,
      "form_score": 35.0,
      "value_score": 0.0,
      "best_value": "",
      "predicted_winner": "Lower Breck",
      "advice": "Combo Double chance : draw or Lower Breck and +1.5 goals",
      "total_score": 48.9,
      "category": "Balanced"
    },
    {
      "fixture_id": 1479809,
      "date_utc": "2025-10-07T12:30:00+00:00",
      "league_name": "UEFA U17 Championship - Qualification",
      "country": "World",
      "home": "Ukraine U17",
      "away": "Italy U17",
      "favorit_score": 11.5,
      "over_score": 100,
      "form_score": 35.0,
      "value_score": 0.0,
      "best_value": "",
      "predicted_winner": "Italy U17",
      "advice": "Combo Winner : Italy U17 and +1.5 goals",
      "total_score": 48.7,
      "category": "Balanced"
    },
    {
      "fixture_id": 1446543,
      "date_utc": "2025-10-07T13:00:00+00:00",
      "league_name": "Third League - Northwest",
      "country": "Bulgaria",
      "home": "Akademik Svishtov",
      "away": "Yantra Polski Trambesh",
      "favorit_score": 13.6,
      "over_score": 98,
      "form_score": 35.0,
      "value_score": 0.0,
      "best_value": "",
      "predicted_winner": "Akademik Svishtov",
      "advice": "Double chance : Akademik Svishtov or draw",
      "total_score": 48.5,
      "category": "Balanced"
    },
    {
      "fixture_id": 1442605,
      "date_utc": "2025-10-07T18:45:00+00:00",
      "league_name": "Non League Div One - Isthmian South Central",
      "country": "England",
      "home": "AFC Portchester",
      "away": "Hartley Wintney",
      "favorit_score": 13.0,
      "over_score": 98,
      "form_score": 35.0,
      "value_score": 0.0,
      "best_value": "",
      "predicted_winner": "Hartley Wintney",
      "advice": "Double chance : draw or Hartley Wintney",
      "total_score": 48.4,
      "category": "Balanced"
    },
    {
      "fixture_id": 1380838,
      "date_utc": "2025-10-07T00:00:00+00:00",
      "league_name": "Liga MX Femenil",
      "country": "Mexico",
      "home": "Santos Laguna W",
      "away": "Juárez W",
      "favorit_score": 26.0,
      "over_score": 88.0,
      "form_score": 35.0,
      "value_score": 0.0,
      "best_value": "",
      "predicted_winner": "Juárez W",
      "advice": "Double chance : draw or Juárez W",
      "total_score": 48.2,
      "category": "Balanced"
    },
    {
      "fixture_id": 1444548,
      "date_utc": "2025-10-07T18:00:00+00:00",
      "league_name": "EFL Trophy",
      "country": "England",
      "home": "Chesterfield",
      "away": "Burton Albion",
      "favorit_score": 10.0,
      "over_score": 100,
      "form_score": 35.0,
      "value_score": 0.0,
      "best_value": "",
      "predicted_winner": "Burton Albion",
      "advice": "Combo Double chance : draw or Burton Albion and +2.5 goals",
      "total_score": 48.2,
      "category": "Balanced"
    },
    {
      "fixture_id": 1473050,
      "date_utc": "2025-10-07T18:45:00+00:00",
      "league_name": "Non League Div One - Northern West",
      "country": "England",
      "home": "Stalybridge Celtic",
      "away": "Congleton Town",
      "favorit_score": 28.4,
      "over_score": 84.2,
      "form_score": 35.0,
      "value_score": 0.0,
      "best_value": "",
      "predicted_winner": "Stalybridge Celtic",
      "advice": "Winner : Stalybridge Celtic",
      "total_score": 47.5,
      "category": "Balanced"
    },
    {
      "fixture_id": 1435511,
      "date_utc": "2025-10-07T18:45:00+00:00",
      "league_name": "Non League Div One - Southern South",
      "country": "England",
      "home": "Portishead Town",
      "away": "Westbury United",
      "favorit_score": 15.5,
      "over_score": 93.7,
      "form_score": 35.0,
      "value_score": 0.0,
      "best_value": "",
      "predicted_winner": "Portishead Town",
      "advice": "Winner : Portishead Town",
      "total_score": 47.4,
      "category": "Balanced"
    },
    {
      "fixture_id": 1472361,
      "date_utc": "2025-10-07T00:00:00+00:00",
      "league_name": "Copa de la División Profesional",
      "country": "Bolivia",
      "home": "The Strongest",
      "away": "Gualberto Villarroel SJ",
      "favorit_score": 10.0,
      "over_score": 97.5,
      "form_score": 35.0,
      "value_score": 0.0,
      "best_value": "",
      "predicted_winner": "The Strongest",
      "advice": "Double chance : The Strongest or draw",
      "total_score": 47.2,
      "category": "Balanced"
    },
    {
      "fixture_id": 1443627,
      "date_utc": "2025-10-07T18:45:00+00:00",
      "league_name": "Non League Div One - Northern Midlands",
      "country": "England",
      "home": "Bourne Town",
      "away": "Basford United",
      "favorit_score": 19.3,
      "over_score": 89.9,
      "form_score": 35.5,
      "value_score": 0.0,
      "best_value": "",
      "predicted_winner": "Basford United",
      "advice": "Double chance : draw or Basford United",
      "total_score": 47.1,
      "category": "Balanced"
    },
    {
      "fixture_id": 1443108,
      "date_utc": "2025-10-07T18:45:00+00:00",
      "league_name": "Non League Div One - Isthmian North",
      "country": "England",
      "home": "Lowestoft Town",
      "away": "Witham Town",
      "favorit_score": 32.0,
      "over_score": 80.4,
      "form_score": 35.0,
      "value_score": 0.0,
      "best_value": "",
      "predicted_winner": "Lowestoft Town",
      "advice": "Double chance : Lowestoft Town or draw",
      "total_score": 47.0,
      "category": "Balanced"
    },
    {
      "fixture_id": 1444599,
      "date_utc": "2025-10-07T18:45:00+00:00",
      "league_name": "EFL Trophy",
      "country": "England",
      "home": "Colchester",
      "away": "Gillingham",
      "favorit_score": 2.8,
      "over_score": 100,
      "form_score": 35.0,
      "value_score": 4.7,
      "best_value": "Draw@3.30",
      "predicted_winner": "Colchester",
      "advice": "Combo Double chance : Colchester or draw and +1.5 goals",
      "total_score": 46.8,
      "category": "Balanced"
    },
    {
      "fixture_id": 1444592,
      "date_utc": "2025-10-07T18:00:00+00:00",
      "league_name": "EFL Trophy",
      "country": "England",
      "home": "Walsall",
      "away": "Northampton",
      "favorit_score": 0,
      "over_score": 98,
      "form_score": 35.0,
      "value_score": 13.8,
      "best_value": "Draw@3.20",
      "predicted_winner": "Northampton",
      "advice": "Double chance : draw or Northampton",
      "total_score": 46.5,
      "category": "Balanced"
    },
    {
      "fixture_id": 1434276,
      "date_utc": "2025-10-07T15:30:00+00:00",
      "league_name": "Kansallinen Liiga",
      "country": "Finland",
      "home": "Åland United",
      "away": "HPS W",
      "favorit_score": 3.4,
      "over_score": 100,
      "form_score": 35.0,
      "value_score": 0.0,
      "best_value": "",
      "predicted_winner": "HPS W",
      "advice": "Combo Double chance : draw or HPS W and +1.5 goals",
      "total_score": 46.3,
      "category": "Balanced"
    },
    {
      "fixture_id": 1401081,
      "date_utc": "2025-10-07T18:45:00+00:00",
      "league_name": "Premier League",
      "country": "Wales",
      "home": "Flint Town United",
      "away": "Colwyn Bay",
      "favorit_score": 11.4,
      "over_score": 93.7,
      "form_score": 35.0,
      "value_score": 0.0,
      "best_value": "",
      "predicted_winner": "Colwyn Bay",
      "advice": "Double chance : draw or Colwyn Bay",
      "total_score": 46.2,
      "category": "Balanced"
    },
    {
      "fixture_id": 1412543,
      "date_utc": "2025-10-07T11:00:00+00:00",
      "league_name": "Druha Liga",
      "country": "Ukraine",
      "home": "Polissya II",
      "away": "Skala 1911 Stryi",
      "favorit_score": 2.0,
      "over_score": 100,
      "form_score": 35.0,
      "value_score": 0.0,
      "best_value": "",
      "predicted_winner": "Polissya II",
      "advice": "Combo Double chance : Polissya II or draw and +1.5 goals",
      "total_score": 45.9,
      "category": "Balanced"
    },
    {
      "fixture_id": 1444549,
      "date_utc": "2025-10-07T18:30:00+00:00",
      "league_name": "EFL Trophy",
      "country": "England",
      "home": "Barrow",
      "away": "Tranmere",
      "favorit_score": 2.0,
      "over_score": 100,
      "form_score": 35.0,
      "value_score": 0.0,
      "best_value": "",
      "predicted_winner": "Tranmere",
      "advice": "Combo Winner : Tranmere and +1.5 goals",
      "total_score": 45.9,
      "category": "Balanced"
    },
    {
      "fixture_id": 1443630,
      "date_utc": "2025-10-07T18:45:00+00:00",
      "league_name": "Non League Div One - Northern Midlands",
      "country": "England",
      "home": "St Neots Town",
      "away": "AFC Rushden & Diamonds",
      "favorit_score": 15.0,
      "over_score": 89.9,
      "form_score": 35.0,
      "value_score": 0.0,
      "best_value": "",
      "predicted_winner": "St Neots Town",
      "advice": "Double chance : St Neots Town or draw",
      "total_score": 45.7,
      "category": "Balanced"
    },
    {
      "fixture_id": 1480421,
      "date_utc": "2025-10-07T23:00:00+00:00",
      "league_name": "World Cup - U20",
      "country": "World",
      "home": "Chile U20",
      "away": "Mexico U20",
      "favorit_score": 25.0,
      "over_score": 82.3,
      "form_score": 35.5,
      "value_score": 0.0,
      "best_value": "",
      "predicted_winner": "Mexico U20",
      "advice": "Double chance : draw or Mexico U20",
      "total_score": 45.7,
      "category": "Balanced"
    },
    {
      "fixture_id": 1423434,
      "date_utc": "2025-10-07T18:00:00+00:00",
      "league_name": "Reserve League",
      "country": "Argentina",
      "home": "Gimnasia La Plata Res.",
      "away": "Ferro 2",
      "favorit_score": 40.0,
      "over_score": 70.9,
      "form_score": 35.0,
      "value_score": 0.0,
      "best_value": "",
      "predicted_winner": "Gimnasia La Plata Res.",
      "advice": "Double chance : Gimnasia La Plata Res. or draw",
      "total_score": 45.6,
      "category": "Balanced"
    },
    {
      "fixture_id": 1413088,
      "date_utc": "2025-10-07T13:00:00+00:00",
      "league_name": "Premier League",
      "country": "Kyrgyzstan",
      "home": "Dordoi Bishkek",
      "away": "Asiagoal",
      "favorit_score": 29.6,
      "over_score": 78.5,
      "form_score": 35.0,
      "value_score": 0.0,
      "best_value": "",
      "predicted_winner": "Dordoi Bishkek",
      "advice": "Double chance : Dordoi Bishkek or draw",
      "total_score": 45.5,
      "category": "Balanced"
    },
    {
      "fixture_id": 1428702,
      "date_utc": "2025-10-07T18:45:00+00:00",
      "league_name": "Non League Premier - Northern",
      "country": "England",
      "home": "Hyde United",
      "away": "Bamber Bridge",
      "favorit_score": 1.6,
      "over_score": 98,
      "form_score": 35.0,
      "value_score": 1.7,
      "best_value": "Draw@3.00",
      "predicted_winner": "Hyde United",
      "advice": "Double chance : Hyde United or draw",
      "total_score": 45.2,
      "category": "Balanced"
    },
    {
      "fixture_id": 1434789,
      "date_utc": "2025-10-07T18:45:00+00:00",
      "league_name": "Non League Div One - Southern Central",
      "country": "England",
      "home": "Thame United",
      "away": "Marlow",
      "favorit_score": 0.4,
      "over_score": 98,
      "form_score": 35.0,
      "value_score": 0.0,
      "best_value": "",
      "predicted_winner": "Marlow",
      "advice": "Double chance : draw or Marlow",
      "total_score": 44.6,
      "category": "Balanced"
    },
    {
      "fixture_id": 1443634,
      "date_utc": "2025-10-07T18:45:00+00:00",
      "league_name": "Non League Div One - Northern Midlands",
      "country": "England",
      "home": "Racing Club Warwick",
      "away": "Coventry Sphinx",
      "favorit_score": 1.2,
      "over_score": 97.5,
      "form_score": 35.0,
      "value_score": 0.0,
      "best_value": "",
      "predicted_winner": "Coventry Sphinx",
      "advice": "Double chance : draw or Coventry Sphinx",
      "total_score": 44.6,
      "category": "Balanced"
    },
    {
      "fixture_id": 1422836,
      "date_utc": "2025-10-07T17:30:00+00:00",
      "league_name": "National 1",
      "country": "France",
      "home": "Versailles",
      "away": "Villefranche",
      "favorit_score": 43.0,
      "over_score": 57.6,
      "form_score": 35.0,
      "value_score": 19.7,
      "best_value": "Draw@3.30",
      "predicted_winner": "Versailles",
      "advice": "Winner : Versailles",
      "total_score": 44.1,
      "category": "Balanced"
    },
    {
      "fixture_id": 1444059,
      "date_utc": "2025-10-07T18:45:00+00:00",
      "league_name": "Non League Div One - Isthmian South East",
      "country": "England",
      "home": "Deal Town",
      "away": "Eastbourne Town",
      "favorit_score": 1.0,
      "over_score": 95.6,
      "form_score": 35.0,
      "value_score": 0.0,
      "best_value": "",
      "predicted_winner": "Deal Town",
      "advice": "Double chance : Deal Town or draw",
      "total_score": 43.8,
      "category": "Balanced"
    },
    {
      "fixture_id": 1470104,
      "date_utc": "2025-10-07T22:10:00+00:00",
      "league_name": "Primera B",
      "country": "Colombia",
      "home": "Real Soacha",
      "away": "Orsomarso",
      "favorit_score": 49.5,
      "over_score": 57.6,
      "form_score": 35.0,
      "value_score": 0.0,
      "best_value": "",
      "predicted_winner": "Real Soacha",
      "advice": "Double chance : Real Soacha or draw",
      "total_score": 43.1,
      "category": "Balanced"
    },
    {
      "fixture_id": 1392484,
      "date_utc": "2025-10-07T00:30:00+00:00",
      "league_name": "Primera A",
      "country": "Colombia",
      "home": "La Equidad",
      "away": "Once Caldas",
      "favorit_score": 54.6,
      "over_score": 53.5,
      "form_score": 35.0,
      "value_score": 0.0,
      "best_value": "",
      "predicted_winner": "Once Caldas",
      "advice": "Combo Double chance : draw or Once Caldas and -3.5 goals",
      "total_score": 43.0,
      "category": "Balanced"
    },
    {
      "fixture_id": 1443626,
      "date_utc": "2025-10-07T18:45:00+00:00",
      "league_name": "Non League Div One - Northern Midlands",
      "country": "England",
      "home": "Mickleover Sports",
      "away": "Anstey Nomads",
      "favorit_score": 22.3,
      "over_score": 76.6,
      "form_score": 35.5,
      "value_score": 0.0,
      "best_value": "",
      "predicted_winner": "Anstey Nomads",
      "advice": "Double chance : draw or Anstey Nomads",
      "total_score": 42.7,
      "category": "Balanced"
    },
    {
      "fixture_id": 1466685,
      "date_utc": "2025-10-07T18:45:00+00:00",
      "league_name": "Non League Div One - Isthmian South Central",
      "country": "England",
      "home": "Egham Town",
      "away": "Bedfont Sports",
      "favorit_score": 3.2,
      "over_score": 88.0,
      "form_score": 35.0,
      "value_score": 0.0,
      "best_value": "",
      "predicted_winner": "Egham Town",
      "advice": "Double chance : Egham Town or draw",
      "total_score": 41.4,
      "category": "Balanced"
    },
    {
      "fixture_id": 1465765,
      "date_utc": "2025-10-07T18:45:00+00:00",
      "league_name": "Non League Div One - Isthmian South East",
      "country": "England",
      "home": "Crowborough Athletic",
      "away": "Erith Town",
      "favorit_score": 13.0,
      "over_score": 80.4,
      "form_score": 35.0,
      "value_score": 0.0,
      "best_value": "",
      "predicted_winner": "Crowborough Athletic",
      "advice": "Double chance : Crowborough Athletic or draw",
      "total_score": 41.3,
      "category": "Balanced"
    },
    {
      "fixture_id": 1353566,
      "date_utc": "2025-10-07T23:00:00+00:00",
      "league_name": "Serie B",
      "country": "Brazil",
      "home": "Amazonas",
      "away": "Criciuma",
      "favorit_score": 23.6,
      "over_score": 63.3,
      "form_score": 35.0,
      "value_score": 22.8,
      "best_value": "Over 4.5 2.5@9.50",
      "predicted_winner": "Criciuma",
      "advice": "Double chance : draw or Criciuma",
      "total_score": 41.1,
      "category": "Balanced"
    },
    {
      "fixture_id": 1443629,
      "date_utc": "2025-10-07T18:45:00+00:00",
      "league_name": "Non League Div One - Northern Midlands",
      "country": "England",
      "home": "Belper Town",
      "away": "Carlton Town",
      "favorit_score": 19.4,
      "over_score": 74.7,
      "form_score": 35.0,
      "value_score": 0.0,
      "best_value": "",
      "predicted_winner": "Belper Town",
      "advice": "Double chance : Belper Town or draw",
      "total_score": 41.0,
      "category": "Balanced"
    },
    {
      "fixture_id": 1453374,
      "date_utc": "2025-10-07T23:00:00+00:00",
      "league_name": "Copa Santa Catarina",
      "country": "Brazil",
      "home": "Nação",
      "away": "Joinville",
      "favorit_score": 37.2,
      "over_score": 61.4,
      "form_score": 35.0,
      "value_score": 0.0,
      "best_value": "",
      "predicted_winner": "Joinville",
      "advice": "Double chance : draw or Joinville",
      "total_score": 41.0,
      "category": "Balanced"
    },
    {
      "fixture_id": 1337777,
      "date_utc": "2025-10-07T07:30:00+00:00",
      "league_name": "K League 2",
      "country": "South-Korea",
      "home": "Cheongju",
      "away": "Gimpo Citizen",
      "favorit_score": 28.6,
      "over_score": 55.4,
      "form_score": 34.9,
      "value_score": 29.9,
      "best_value": "Under 0.5 2.5@7.50",
      "predicted_winner": "Gimpo Citizen",
      "advice": "Combo Double chance : draw or Gimpo Citizen and -3.5 goals",
      "total_score": 40.5,
      "category": "Balanced"
    },
    {
      "fixture_id": 1472489,
      "date_utc": "2025-10-07T16:45:00+00:00",
      "league_name": "Eredivisie Women",
      "country": "Netherlands",
      "home": "Utrecht W",
      "away": "Feyenoord W",
      "favorit_score": 7.4,
      "over_score": 82.3,
      "form_score": 35.0,
      "value_score": 0.0,
      "best_value": "",
      "predicted_winner": "Utrecht W",
      "advice": "Double chance : Utrecht W or draw",
      "total_score": 40.4,
      "category": "Balanced"
    },
    {
      "fixture_id": 1428703,
      "date_utc": "2025-10-07T18:45:00+00:00",
      "league_name": "Non League Premier - Northern",
      "country": "England",
      "home": "Hednesford Town",
      "away": "Stockton Town",
      "favorit_score": 13.5,
      "over_score": 76.6,
      "form_score": 35.0,
      "value_score": 0.0,
      "best_value": "",
      "predicted_winner": "Hednesford Town",
      "advice": "Double chance : Hednesford Town or draw",
      "total_score": 39.9,
      "category": "Balanced"
    },
    {
      "fixture_id": 1480420,
      "date_utc": "2025-10-07T19:30:00+00:00",
      "league_name": "World Cup - U20",
      "country": "World",
      "home": "Ukraine U20",
      "away": "Spain U20",
      "favorit_score": 22.3,
      "over_score": 69.0,
      "form_score": 35.5,
      "value_score": 0.0,
      "best_value": "",
      "predicted_winner": "Ukraine U20",
      "advice": "Double chance : Ukraine U20 or draw",
      "total_score": 39.6,
      "category": "Balanced"
    },
    {
      "fixture_id": 1353905,
      "date_utc": "2025-10-07T18:00:00+00:00",
      "league_name": "Reserve League",
      "country": "Argentina",
      "home": "Racing Club Res.",
      "away": "Aldosivi Res.",
      "favorit_score": 22.6,
      "over_score": 68.7,
      "form_score": 35.0,
      "value_score": 0.0,
      "best_value": "",
      "predicted_winner": "Racing Club Res.",
      "advice": "Combo Double chance : Racing Club Res. or draw and -3.5 goals",
      "total_score": 39.5,
      "category": "Balanced"
    },
    {
      "fixture_id": 1443046,
      "date_utc": "2025-10-07T18:45:00+00:00",
      "league_name": "Non League Div One - Isthmian North",
      "country": "England",
      "home": "Brightlingsea Regent",
      "away": "Grays Athletic",
      "favorit_score": 14.6,
      "over_score": 74.7,
      "form_score": 35.0,
      "value_score": 0.0,
      "best_value": "",
      "predicted_winner": "Brightlingsea Regent",
      "advice": "Double chance : Brightlingsea Regent or draw",
      "total_score": 39.5,
      "category": "Balanced"
    },
    {
      "fixture_id": 1473049,
      "date_utc": "2025-10-07T18:45:00+00:00",
      "league_name": "Non League Div One - Northern West",
      "country": "England",
      "home": "Vauxhall Motors",
      "away": "Bootle",
      "favorit_score": 9.0,
      "over_score": 78.5,
      "form_score": 35.0,
      "value_score": 0.0,
      "best_value": "",
      "predicted_winner": "Vauxhall Motors",
      "advice": "Double chance : Vauxhall Motors or draw",
      "total_score": 39.4,
      "category": "Balanced"
    },
    {
      "fixture_id": 1476066,
      "date_utc": "2025-10-07T18:45:00+00:00",
      "league_name": "Non League Div One - Northern East",
      "country": "England",
      "home": "Bridlington Town",
      "away": "Garforth Town",
      "favorit_score": 11.6,
      "over_score": 76.6,
      "form_score": 35.0,
      "value_score": 0.0,
      "best_value": "",
      "predicted_winner": "Bridlington Town",
      "advice": "Double chance : Bridlington Town or draw",
      "total_score": 39.4,
      "category": "Balanced"
    },
    {
      "fixture_id": 1337776,
      "date_utc": "2025-10-07T05:00:00+00:00",
      "league_name": "K League 2",
      "country": "South-Korea",
      "home": "Seoul E-Land FC",
      "away": "Hwaseong",
      "favorit_score": 21.6,
      "over_score": 69.0,
      "form_score": 35.0,
      "value_score": 0.0,
      "best_value": "",
      "predicted_winner": "Seoul E-Land FC",
      "advice": "Double chance : Seoul E-Land FC or draw",
      "total_score": 39.3,
      "category": "Balanced"
    },
    {
      "fixture_id": 1428700,
      "date_utc": "2025-10-07T18:45:00+00:00",
      "league_name": "Non League Premier - Northern",
      "country": "England",
      "home": "Guiseley AFC",
      "away": "Rylands",
      "favorit_score": 12.0,
      "over_score": 70.9,
      "form_score": 35.0,
      "value_score": 12.7,
      "best_value": "Draw@3.10",
      "predicted_winner": "Guiseley AFC",
      "advice": "Double chance : Guiseley AFC or draw",
      "total_score": 39.1,
      "category": "Balanced"
    },
    {
      "fixture_id": 1383057,
      "date_utc": "2025-10-07T18:45:00+00:00",
      "league_name": "League One",
      "country": "Scotland",
      "home": "Kelty Hearts",
      "away": "Alloa Athletic",
      "favorit_score": 22.4,
      "over_score": 61.4,
      "form_score": 35.0,
      "value_score": 16.4,
      "best_value": "Draw@3.50",
      "predicted_winner": "Alloa Athletic",
      "advice": "Double chance : draw or Alloa Athletic",
      "total_score": 39.0,
      "category": "Balanced"
    },
    {
      "fixture_id": 1475955,
      "date_utc": "2025-10-07T20:00:00+00:00",
      "league_name": "Copa Colombia",
      "country": "Colombia",
      "home": "Envigado",
      "away": "Deportivo Pereira",
      "favorit_score": 10.4,
      "over_score": 76.6,
      "form_score": 35.0,
      "value_score": 0.0,
      "best_value": "",
      "predicted_winner": "Deportivo Pereira",
      "advice": "Double chance : draw or Deportivo Pereira",
      "total_score": 39.0,
      "category": "Balanced"
    },
    {
      "fixture_id": 1434784,
      "date_utc": "2025-10-07T18:45:00+00:00",
      "league_name": "Non League Div One - Southern Central",
      "country": "England",
      "home": "Hertford Town",
      "away": "Biggleswade",
      "favorit_score": 15.0,
      "over_score": 72.8,
      "form_score": 35.0,
      "value_score": 0.0,
      "best_value": "",
      "predicted_winner": "Hertford Town",
      "advice": "Double chance : Hertford Town or draw",
      "total_score": 38.9,
      "category": "Balanced"
    },
    {
      "fixture_id": 1443635,
      "date_utc": "2025-10-07T18:45:00+00:00",
      "league_name": "Non League Div One - Northern Midlands",
      "country": "England",
      "home": "Boldmere St. Michaels",
      "away": "Lichfield City",
      "favorit_score": 27.2,
      "over_score": 63.3,
      "form_score": 35.0,
      "value_score": 0.0,
      "best_value": "",
      "predicted_winner": "Lichfield City",
      "advice": "Double chance : draw or Lichfield City",
      "total_score": 38.7,
      "category": "Balanced"
    },
    {
      "fixture_id": 1353907,
      "date_utc": "2025-10-07T22:00:00+00:00",
      "league_name": "Reserve League",
      "country": "Argentina",
      "home": "Talleres Córdoba Res.",
      "away": "River Plate Res.",
      "favorit_score": 27.0,
      "over_score": 57.3,
      "form_score": 35.0,
      "value_score": 13.8,
      "best_value": "Draw@3.20",
      "predicted_winner": "River Plate Res.",
      "advice": "Combo Double chance : draw or River Plate Res. and -3.5 goals",
      "total_score": 38.3,
      "category": "Balanced"
    },
    {
      "fixture_id": 1443631,
      "date_utc": "2025-10-07T18:45:00+00:00",
      "league_name": "Non League Div One - Northern Midlands",
      "country": "England",
      "home": "Loughborough University",
      "away": "Long Eaton United",
      "favorit_score": 5.0,
      "over_score": 78.5,
      "form_score": 35.0,
      "value_score": 0.0,
      "best_value": "",
      "predicted_winner": "Loughborough University",
      "advice": "Double chance : Loughborough University or draw",
      "total_score": 38.2,
      "category": "Balanced"
    },
    {
      "fixture_id": 1428250,
      "date_utc": "2025-10-07T18:45:00+00:00",
      "league_name": "Non League Premier - Southern South",
      "country": "England",
      "home": "Tiverton Town",
      "away": "Poole Town",
      "favorit_score": 3.7,
      "over_score": 78.5,
      "form_score": 35.0,
      "value_score": 0.0,
      "best_value": "",
      "predicted_winner": "Tiverton Town",
      "advice": "Double chance : Tiverton Town or draw",
      "total_score": 37.8,
      "category": "Balanced"
    },
    {
      "fixture_id": 1473048,
      "date_utc": "2025-10-07T18:45:00+00:00",
      "league_name": "Non League Div One - Northern West",
      "country": "England",
      "home": "Stafford Rangers",
      "away": "Witton Albion",
      "favorit_score": 6.4,
      "over_score": 74.7,
      "form_score": 35.0,
      "value_score": 0.0,
      "best_value": "",
      "predicted_winner": "Stafford Rangers",
      "advice": "Double chance : Stafford Rangers or draw",
      "total_score": 37.1,
      "category": "Balanced"
    },
    {
      "fixture_id": 1413087,
      "date_utc": "2025-10-07T13:00:00+00:00",
      "league_name": "Premier League",
      "country": "Kyrgyzstan",
      "home": "OshMU Aldier",
      "away": "Abdish-Ata",
      "favorit_score": 0.8,
      "over_score": 78.5,
      "form_score": 35.0,
      "value_score": 0.0,
      "best_value": "",
      "predicted_winner": "OshMU Aldier",
      "advice": "Double chance : OshMU Aldier or draw",
      "total_score": 36.9,
      "category": "Balanced"
    },
    {
      "fixture_id": 1473051,
      "date_utc": "2025-10-07T18:45:00+00:00",
      "league_name": "Non League Div One - Northern West",
      "country": "England",
      "home": "Sporting Khalsa",
      "away": "Shifnal Town FC",
      "favorit_score": 21.3,
      "over_score": 61.4,
      "form_score": 34.9,
      "value_score": 0.0,
      "best_value": "",
      "predicted_winner": "Shifnal Town FC",
      "advice": "Double chance : draw or Shifnal Town FC",
      "total_score": 36.2,
      "category": "Balanced"
    },
    {
      "fixture_id": 1473047,
      "date_utc": "2025-10-07T18:45:00+00:00",
      "league_name": "Non League Div One - Northern West",
      "country": "England",
      "home": "Chasetown",
      "away": "Newcastle Town",
      "favorit_score": 28.8,
      "over_score": 53.8,
      "form_score": 35.0,
      "value_score": 0.0,
      "best_value": "",
      "predicted_winner": "Chasetown",
      "advice": "Double chance : Chasetown or draw",
      "total_score": 35.4,
      "category": "Balanced"
    },
    {
      "fixture_id": 1401080,
      "date_utc": "2025-10-07T18:45:00+00:00",
      "league_name": "Premier League",
      "country": "Wales",
      "home": "Bala Town",
      "away": "GAP Connah S Quay FC",
      "favorit_score": 12.0,
      "over_score": 65.2,
      "form_score": 35.0,
      "value_score": 0.0,
      "best_value": "",
      "predicted_winner": "GAP Connah S Quay FC",
      "advice": "Double chance : draw or GAP Connah S Quay FC",
      "total_score": 34.9,
      "category": "Balanced"
    },
    {
      "fixture_id": 1472388,
      "date_utc": "2025-10-07T19:00:00+00:00",
      "league_name": "UEFA Champions League Women",
      "country": "World",
      "home": "Paris FC W",
      "away": "OH Leuven W",
      "favorit_score": 49.0,
      "over_score": 36.4,
      "form_score": 35.0,
      "value_score": 0.0,
      "best_value": "",
      "predicted_winner": "OH Leuven W",
      "advice": "Combo Double chance : draw or OH Leuven W and -3.5 goals",
      "total_score": 34.5,
      "category": "Balanced"
    },
    {
      "fixture_id": 1476069,
      "date_utc": "2025-10-07T18:45:00+00:00",
      "league_name": "Non League Div One - Northern East",
      "country": "England",
      "home": "Ossett United",
      "away": "Lincoln United",
      "favorit_score": 12.4,
      "over_score": 61.1,
      "form_score": 35.0,
      "value_score": 0.0,
      "best_value": "",
      "predicted_winner": "Ossett United",
      "advice": "Combo Double chance : Ossett United or draw and -3.5 goals",
      "total_score": 33.4,
      "category": "Balanced"
    },
    {
      "fixture_id": 1478079,
      "date_utc": "2025-10-07T15:00:00+00:00",
      "league_name": "UEFA Europa Cup - Women",
      "country": "World",
      "home": "Gintra-Universitetas",
      "away": "Nordsjælland",
      "favorit_score": 0,
      "over_score": 69.0,
      "form_score": 35.0,
      "value_score": 0.0,
      "best_value": "",
      "predicted_winner": null,
      "advice": "No predictions available",
      "total_score": 32.9,
      "category": "Balanced"
    },
    {
      "fixture_id": 1476067,
      "date_utc": "2025-10-07T18:45:00+00:00",
      "league_name": "Non League Div One - Northern East",
      "country": "England",
      "home": "Bradford (Park Avenue)",
      "away": "North Ferriby",
      "favorit_score": 10.8,
      "over_score": 59.5,
      "form_score": 35.5,
      "value_score": 0.0,
      "best_value": "",
      "predicted_winner": "Bradford (Park Avenue)",
      "advice": "Double chance : Bradford (Park Avenue) or draw",
      "total_score": 32.4,
      "category": "Balanced"
    },
    {
      "fixture_id": 1457237,
      "date_utc": "2025-10-07T18:45:00+00:00",
      "league_name": "League Cup",
      "country": "Northern-Ireland",
      "home": "Dergview",
      "away": "Larne",
      "favorit_score": 29.0,
      "over_score": 44.0,
      "form_score": 35.0,
      "value_score": 0.0,
      "best_value": "",
      "predicted_winner": "Larne",
      "advice": "Combo Double chance : draw or Larne and -3.5 goals",
      "total_score": 31.6,
      "category": "Balanced"
    },
    {
      "fixture_id": 1374219,
      "date_utc": "2025-10-07T00:00:00+00:00",
      "league_name": "Liga Profesional Argentina",
      "country": "Argentina",
      "home": "Racing Club",
      "away": "Independ. Rivadavia",
      "favorit_score": 1.4,
      "over_score": 61.4,
      "form_score": 35.0,
      "value_score": 0.0,
      "best_value": "",
      "predicted_winner": null,
      "advice": "No predictions available",
      "total_score": 30.2,
      "category": "Balanced"
    },
    {
      "fixture_id": 1444598,
      "date_utc": "2025-10-07T18:45:00+00:00",
      "league_name": "EFL Trophy",
      "country": "England",
      "home": "Cardiff",
      "away": "Newport County",
      "favorit_score": 0,
      "over_score": 44.0,
      "form_score": 35.0,
      "value_score": 47.5,
      "best_value": "Under 0.5 2.5@10.00",
      "predicted_winner": "Cardiff",
      "advice": "Combo Double chance : Cardiff or draw and -3.5 goals",
      "total_score": 30.0,
      "category": "Balanced"
    },
    {
      "fixture_id": 1480367,
      "date_utc": "2025-10-07T18:45:00+00:00",
      "league_name": "FA Trophy",
      "country": "England",
      "home": "Runcorn Linnets",
      "away": "Morpeth Town",
      "favorit_score": 0,
      "over_score": 59.5,
      "form_score": 35.0,
      "value_score": 0.0,
      "best_value": "",
      "predicted_winner": null,
      "advice": "No predictions available",
      "total_score": 29.1,
      "category": "Balanced"
    },
    {
      "fixture_id": 1445448,
      "date_utc": "2025-10-07T22:00:00+00:00",
      "league_name": "Liga Pro Serie B",
      "country": "Ecuador",
      "home": "9 de Octubre",
      "away": "Ind. Juniors",
      "favorit_score": 14.6,
      "over_score": 40.2,
      "form_score": 35.0,
      "value_score": 20.2,
      "best_value": "Over 2.5 2.5@2.38",
      "predicted_winner": "Ind. Juniors",
      "advice": "Combo Double chance : draw or Ind. Juniors and -3.5 goals",
      "total_score": 28.7,
      "category": "Balanced"
    },
    {
      "fixture_id": 1428701,
      "date_utc": "2025-10-07T18:45:00+00:00",
      "league_name": "Non League Premier - Northern",
      "country": "England",
      "home": "Morpeth Town",
      "away": "Gainsborough Trinity",
      "favorit_score": 15.6,
      "over_score": 42.1,
      "form_score": 35.0,
      "value_score": 0.0,
      "best_value": "",
      "predicted_winner": "Gainsborough Trinity",
      "advice": "Combo Double chance : draw or Gainsborough Trinity and -3.5 goals",
      "total_score": 26.8,
      "category": "Balanced"
    },
    {
      "fixture_id": 1480038,
      "date_utc": "2025-10-07T11:30:00+00:00",
      "league_name": "First League",
      "country": "Armenia",
      "home": "Van II",
      "away": "Banants II",
      "favorit_score": 3.0,
      "over_score": 47.8,
      "form_score": 35.0,
      "value_score": 0.0,
      "best_value": "",
      "predicted_winner": "Van II",
      "advice": "Combo Double chance : Van II or draw and -3.5 goals",
      "total_score": 25.3,
      "category": "Balanced"
    },
    {
      "fixture_id": 1457236,
      "date_utc": "2025-10-07T18:45:00+00:00",
      "league_name": "League Cup",
      "country": "Northern-Ireland",
      "home": "Newry City AFC",
      "away": "Portadown",
      "favorit_score": 0,
      "over_score": 31.0,
      "form_score": 50.0,
      "value_score": 0.0,
      "best_value": "",
      "predicted_winner": null,
      "advice": "No predictions available",
      "total_score": 19.9,
      "category": "Balanced"
    },
    {
      "fixture_id": 1385683,
      "date_utc": "2025-10-07T00:10:00+00:00",
      "league_name": "Primera B Metropolitana",
      "country": "Argentina",
      "home": "Midland",
      "away": "Deportivo Armenio",
      "favorit_score": 3.4,
      "over_score": 32.6,
      "form_score": 35.0,
      "value_score": 0.0,
      "best_value": "",
      "predicted_winner": "Deportivo Armenio",
      "advice": "Combo Double chance : draw or Deportivo Armenio and -3.5 goals",
      "total_score": 19.3,
      "category": "Balanced"
    },
    {
      "fixture_id": 1449653,
      "date_utc": "2025-10-07T13:30:00+00:00",
      "league_name": "Azadegan League",
      "country": "Iran",
      "home": "Nassaji Mazandaran",
      "away": "Be'sat Kermanshah",
      "favorit_score": 26.0,
      "over_score": 11.7,
      "form_score": 35.0,
      "value_score": 0.0,
      "best_value": "",
      "predicted_winner": "Nassaji Mazandaran",
      "advice": "Combo Double chance : Nassaji Mazandaran or draw and -2.5 goals",
      "total_score": 17.7,
      "category": "Balanced"
    },
    {
      "fixture_id": 1447074,
      "date_utc": "2025-10-07T18:00:00+00:00",
      "league_name": "Premier League Cup",
      "country": "England",
      "home": "Preston North End U21",
      "away": "Leicester City U21",
      "favorit_score": 0,
      "over_score": 31.0,
      "form_score": 35.0,
      "value_score": 0.0,
      "best_value": "",
      "predicted_winner": null,
      "advice": "No predictions available",
      "total_score": 17.6,
      "category": "Balanced"
    },
    {
      "fixture_id": 1457234,
      "date_utc": "2025-10-07T18:45:00+00:00",
      "league_name": "League Cup",
      "country": "Northern-Ireland",
      "home": "Cliftonville FC",
      "away": "Coagh United",
      "favorit_score": 0,
      "over_score": 31.0,
      "form_score": 35.0,
      "value_score": 0.0,
      "best_value": "",
      "predicted_winner": null,
      "advice": "No predictions available",
      "total_score": 17.6,
      "category": "Balanced"
    },
    {
      "fixture_id": 1476018,
      "date_utc": "2025-10-07T18:45:00+00:00",
      "league_name": "FA Trophy",
      "country": "England",
      "home": "Workington",
      "away": "United of Manchester",
      "favorit_score": 20.0,
      "over_score": 0,
      "form_score": 0,
      "value_score": 74.0,
      "best_value": "Under 1.5 2.5@3.85",
      "predicted_winner": "Workington",
      "advice": "Double chance : Workington or draw",
      "total_score": 17.1,
      "category": "Balanced"
    },
    {
      "fixture_id": 1449651,
      "date_utc": "2025-10-07T13:15:00+00:00",
      "league_name": "Azadegan League",
      "country": "Iran",
      "home": "Mes Shahr-e Babak",
      "away": "Mes Kerman",
      "favorit_score": 24.0,
      "over_score": 9.8,
      "form_score": 35.0,
      "value_score": 0.0,
      "best_value": "",
      "predicted_winner": "Mes Kerman",
      "advice": "Combo Double chance : draw or Mes Kerman and -3.5 goals",
      "total_score": 16.4,
      "category": "Balanced"
    },
    {
      "fixture_id": 1472387,
      "date_utc": "2025-10-07T19:00:00+00:00",
      "league_name": "UEFA Champions League Women",
      "country": "World",
      "home": "Arsenal W",
      "away": "Lyon W",
      "favorit_score": 17.0,
      "over_score": 0,
      "form_score": 0,
      "value_score": 70.6,
      "best_value": "Over 4.5 2.5@3.40",
      "predicted_winner": "Arsenal W",
      "advice": "Double chance : Arsenal W or draw",
      "total_score": 15.7,
      "category": "Balanced"
    },
    {
      "fixture_id": 1463475,
      "date_utc": "2025-10-07T18:45:00+00:00",
      "league_name": "League Cup",
      "country": "Northern-Ireland",
      "home": "Warrenpoint Town",
      "away": "Glenavon FC",
      "favorit_score": 47.0,
      "over_score": 0,
      "form_score": 0,
      "value_score": 0.0,
      "best_value": "",
      "predicted_winner": "Glenavon FC",
      "advice": "Double chance : draw or Glenavon FC",
      "total_score": 14.1,
      "category": "Balanced"
    },
    {
      "fixture_id": 1476020,
      "date_utc": "2025-10-07T18:45:00+00:00",
      "league_name": "FA Trophy",
      "country": "England",
      "home": "Prescot Cables",
      "away": "Lancaster City",
      "favorit_score": 47.0,
      "over_score": 0,
      "form_score": 0,
      "value_score": 0.0,
      "best_value": "",
      "predicted_winner": "Lancaster City",
      "advice": "Double chance : draw or Lancaster City",
      "total_score": 14.1,
      "category": "Balanced"
    },
    {
      "fixture_id": 1475968,
      "date_utc": "2025-10-07T18:45:00+00:00",
      "league_name": "FA Trophy",
      "country": "England",
      "home": "Silsden",
      "away": "Stocksbridge Park Steels",
      "favorit_score": 0,
      "over_score": 12.0,
      "form_score": 50.0,
      "value_score": 0.0,
      "best_value": "",
      "predicted_winner": null,
      "advice": "No predictions available",
      "total_score": 12.3,
      "category": "Balanced"
    },
    {
      "fixture_id": 1449652,
      "date_utc": "2025-10-07T13:30:00+00:00",
      "league_name": "Azadegan League",
      "country": "Iran",
      "home": "Ario Eslamshahr",
      "away": "Sanat Naft",
      "favorit_score": 7.0,
      "over_score": 9.8,
      "form_score": 35.0,
      "value_score": 0.0,
      "best_value": "",
      "predicted_winner": "Ario Eslamshahr",
      "advice": "Combo Double chance : Ario Eslamshahr or draw and -3.5 goals",
      "total_score": 11.3,
      "category": "Balanced"
    },
    {
      "fixture_id": 1457238,
      "date_utc": "2025-10-07T18:45:00+00:00",
      "league_name": "League Cup",
      "country": "Northern-Ireland",
      "home": "Newington Youth",
      "away": "Limavady United",
      "favorit_score": 26.0,
      "over_score": 0,
      "form_score": 0,
      "value_score": 0.0,
      "best_value": "",
      "predicted_winner": "Limavady United",
      "advice": "Double chance : draw or Limavady United",
      "total_score": 7.8,
      "category": "Balanced"
    },
    {
      "fixture_id": 1479456,
      "date_utc": "2025-10-07T19:00:00+00:00",
      "league_name": "UEFA Champions League Women",
      "country": "World",
      "home": "Barcelona W",
      "away": "Bayern Munich W",
      "favorit_score": 7.0,
      "over_score": 0,
      "form_score": 0,
      "value_score": 0.0,
      "best_value": "",
      "predicted_winner": null,
      "advice": "No predictions available",
      "total_score": 2.1,
      "category": "Balanced"
    },
    {
      "fixture_id": 1479404,
      "date_utc": "2025-10-07T16:30:00+00:00",
      "league_name": "Premier League",
      "country": "Mauritania",
      "home": "Tevragh-Zeïne",
      "away": "Nouakchott Academie",
      "favorit_score": 0,
      "over_score": 0,
      "form_score": 0,
      "value_score": 0.0,
      "best_value": "",
      "predicted_winner": null,
      "advice": "No predictions available",
      "total_score": 0.0,
      "category": "Balanced"
    },
    {
      "fixture_id": 1472386,
      "date_utc": "2025-10-07T16:45:00+00:00",
      "league_name": "UEFA Champions League Women",
      "country": "World",
      "home": "Juventus W",
      "away": "SL Benfica",
      "favorit_score": 0,
      "over_score": 0,
      "form_score": 0,
      "value_score": 0.0,
      "best_value": "",
      "predicted_winner": null,
      "advice": "No predictions available",
      "total_score": 0.0,
      "category": "Balanced"
    },
    {
      "fixture_id": 1478080,
      "date_utc": "2025-10-07T17:00:00+00:00",
      "league_name": "UEFA Europa Cup - Women",
      "country": "World",
      "home": "Hammarby",
      "away": "Brann W",
      "favorit_score": 0,
      "over_score": 0,
      "form_score": 0,
      "value_score": 0.0,
      "best_value": "",
      "predicted_winner": null,
      "advice": "No predictions available",
      "total_score": 0.0,
      "category": "Balanced"
    },
    {
      "fixture_id": 1478081,
      "date_utc": "2025-10-07T17:00:00+00:00",
      "league_name": "UEFA Europa Cup - Women",
      "country": "World",
      "home": "Häcken",
      "away": "GKS Katowice W",
      "favorit_score": 0,
      "over_score": 0,
      "form_score": 0,
      "value_score": 0.0,
      "best_value": "",
      "predicted_winner": null,
      "advice": "No predictions available",
      "total_score": 0.0,
      "category": "Balanced"
    },
    {
      "fixture_id": 1457229,
      "date_utc": "2025-10-07T18:45:00+00:00",
      "league_name": "League Cup",
      "country": "Northern-Ireland",
      "home": "Loughgall",
      "away": "Strabane Athletic",
      "favorit_score": 0,
      "over_score": 0,
      "form_score": 0,
      "value_score": 0.0,
      "best_value": "",
      "predicted_winner": null,
      "advice": "No predictions available",
      "total_score": 0.0,
      "category": "Balanced"
    },
    {
      "fixture_id": 1457232,
      "date_utc": "2025-10-07T18:45:00+00:00",
      "league_name": "League Cup",
      "country": "Northern-Ireland",
      "home": "Armagh City",
      "away": "Carrick Rangers",
      "favorit_score": 0,
      "over_score": 0,
      "form_score": 0,
      "value_score": 0.0,
      "best_value": "",
      "predicted_winner": null,
      "advice": "No predictions available",
      "total_score": 0.0,
      "category": "Balanced"
    },
    {
      "fixture_id": 1457235,
      "date_utc": "2025-10-07T18:45:00+00:00",
      "league_name": "League Cup",
      "country": "Northern-Ireland",
      "home": "Dollingstown",
      "away": "Coleraine FC",
      "favorit_score": 0,
      "over_score": 0,
      "form_score": 0,
      "value_score": 0.0,
      "best_value": "",
      "predicted_winner": null,
      "advice": "No predictions available",
      "total_score": 0.0,
      "category": "Balanced"
    },
    {
      "fixture_id": 1478082,
      "date_utc": "2025-10-07T18:45:00+00:00",
      "league_name": "UEFA Europa Cup - Women",
      "country": "World",
      "home": "Sporting CP W",
      "away": "Rosengård W",
      "favorit_score": 0,
      "over_score": 0,
      "form_score": 0,
      "value_score": 0.0,
      "best_value": "",
      "predicted_winner": null,
      "advice": "No predictions available",
      "total_score": 0.0,
      "category": "Balanced"
    }
  ]
}